result;subset;metric;epoch;task
0.17375704766786262;train;accuracy;1;emotion
0.1861865709892363;train;accuracy;2;emotion
0.22133948402528617;train;accuracy;3;emotion
0.26736289082521786;train;accuracy;4;emotion
0.3648385443362378;train;accuracy;5;emotion
0.4406287373996241;train;accuracy;6;emotion
0.49589953869810355;train;accuracy;7;emotion
0.5374487442337262;train;accuracy;8;emotion
0.5696508912808247;train;accuracy;9;emotion
0.5954638646847771;train;accuracy;10;emotion
0.6166068682726806;train;accuracy;11;emotion
0.6341192550828635;train;accuracy;12;emotion
0.6491937073690021;train;accuracy;13;emotion
0.6622061946254668;train;accuracy;14;emotion
0.673705791901589;train;accuracy;15;emotion
0.6837038698103537;train;accuracy;16;emotion
0.6927216811891338;train;accuracy;17;emotion
0.7007090381001196;train;accuracy;18;emotion
0.7077207370039655;train;accuracy;19;emotion
0.7145566376217325;train;accuracy;20;emotion
0.7206682775621781;train;accuracy;21;emotion
0.7264805927030428;train;accuracy;22;emotion
0.7316203507677222;train;accuracy;23;emotion
0.7363851870835469;train;accuracy;24;emotion
0.7409226037929267;train;accuracy;25;emotion
0.7451504159602571;train;accuracy;26;emotion
0.7492454012187483;train;accuracy;27;emotion
0.7529838178223621;train;accuracy;28;emotion
0.7565881334063875;train;accuracy;29;emotion
0.7601998974884675;train;accuracy;30;emotion
0.7636530480646815;train;accuracy;31;emotion
0.7668423244490005;train;accuracy;32;emotion
0.7699470357081838;train;accuracy;33;emotion
0.7729444930201707;train;accuracy;34;emotion
0.7756754777769642;train;accuracy;35;emotion
0.7784184748561991;train;accuracy;36;emotion
0.7811794367406873;train;accuracy;37;emotion
0.7838355499204187;train;accuracy;38;emotion
0.7863554521678561;train;accuracy;39;emotion
0.7889479753972322;train;accuracy;40;emotion
0.7913827805628133;train;accuracy;41;emotion
0.7938969026872666;train;accuracy;42;emotion
0.7961570095240366;train;accuracy;43;emotion
0.7983435068263361;train;accuracy;44;emotion
0.8005979839398599;train;accuracy;45;emotion
0.8027432977514318;train;accuracy;46;emotion
0.8048791127299694;train;accuracy;47;emotion
0.8069739876986161;train;accuracy;48;emotion
0.8090095084676618;train;accuracy;49;emotion
0.8110712455151204;train;accuracy;50;emotion
0.8130772555049698;train;accuracy;51;emotion
0.8149223278003391;train;accuracy;52;emotion
0.8168815218127133;train;accuracy;53;emotion
0.8188535793610114;train;accuracy;54;emotion
0.8206840314989982;train;accuracy;55;emotion
0.8226138610236509;train;accuracy;56;emotion
0.824570395748469;train;accuracy;57;emotion
0.8264815567613425;train;accuracy;58;emotion
0.8282975266920919;train;accuracy;59;emotion
0.8301127626858021;train;accuracy;60;emotion
0.8319104956684676;train;accuracy;61;emotion
0.8337122402076685;train;accuracy;62;emotion
0.8354161073279474;train;accuracy;63;emotion
0.8371588288057407;train;accuracy;64;emotion
0.838851870835469;train;accuracy;65;emotion
0.8406528120777224;train;accuracy;66;emotion
0.8421896157347553;train;accuracy;67;emotion
0.8438621219887237;train;accuracy;68;emotion
0.8454787214286245;train;accuracy;69;emotion
0.8470784213223987;train;accuracy;70;emotion
0.8486402783693447;train;accuracy;71;emotion
0.8501836664958141;train;accuracy;72;emotion
0.8516777486782332;train;accuracy;73;emotion
0.853148766398382;train;accuracy;74;emotion
0.8544882966000342;train;accuracy;75;emotion
0.856028622298956;train;accuracy;76;emotion
0.85746237360794;train;accuracy;77;emotion
0.8588560764368043;train;accuracy;78;emotion
0.8602664002231897;train;accuracy;79;emotion
0.8615870066632496;train;accuracy;80;emotion
0.8629477760692522;train;accuracy;81;emotion
0.8642159742971084;train;accuracy;82;emotion
0.8654628766218128;train;accuracy;83;emotion
0.8667106001806155;train;accuracy;84;emotion
0.867962131033859;train;accuracy;85;emotion
0.8691487966814871;train;accuracy;86;emotion
0.8702993454579733;train;accuracy;87;emotion
0.871493639625367;train;accuracy;88;emotion
0.8726179026601166;train;accuracy;89;emotion
0.8737940657212825;train;accuracy;90;emotion
0.8748655240198039;train;accuracy;91;emotion
0.8759638312571034;train;accuracy;92;emotion
0.8770164734930529;train;accuracy;93;emotion
0.8780957937555209;train;accuracy;94;emotion
0.8791685775176024;train;accuracy;95;emotion
0.8802110029044934;train;accuracy;96;emotion
0.881276849831173;train;accuracy;97;emotion
0.882310484419293;train;accuracy;98;emotion
0.8832947620748748;train;accuracy;99;emotion
0.8842696053305997;train;accuracy;100;emotion
0.8852378318303383;train;accuracy;101;emotion
0.8861468728957498;train;accuracy;102;emotion
0.8870905137022089;train;accuracy;103;emotion
0.8879938295942909;train;accuracy;104;emotion
0.8888628542139562;train;accuracy;105;emotion
0.8897275707668056;train;accuracy;106;emotion
0.8906024708153499;train;accuracy;107;emotion
0.8914682878675703;train;accuracy;108;emotion
0.8923229207322521;train;accuracy;109;emotion
0.8932039513536182;train;accuracy;110;emotion
0.8939836812722513;train;accuracy;111;emotion
0.8948318627809915;train;accuracy;112;emotion
0.8955901897370534;train;accuracy;113;emotion
0.8964071506290072;train;accuracy;114;emotion
0.8971519622044436;train;accuracy;115;emotion
0.8979148624047791;train;accuracy;116;emotion
0.8986734832454976;train;accuracy;117;emotion
0.8994322772328837;train;accuracy;118;emotion
0.17008196721311475;test;accuracy;1;emotion
0.17008196721311475;test;accuracy;2;emotion
0.20081967213114754;test;accuracy;3;emotion
0.7858606557377049;test;accuracy;4;emotion
0.8299180327868853;test;accuracy;5;emotion
0.8299180327868853;test;accuracy;6;emotion
0.8299180327868853;test;accuracy;7;emotion
0.8299180327868853;test;accuracy;8;emotion
0.8299180327868853;test;accuracy;9;emotion
0.8299180327868853;test;accuracy;10;emotion
0.8299180327868853;test;accuracy;11;emotion
0.8299180327868853;test;accuracy;12;emotion
0.8319672131147541;test;accuracy;13;emotion
0.8360655737704918;test;accuracy;14;emotion
0.8381147540983607;test;accuracy;15;emotion
0.860655737704918;test;accuracy;16;emotion
0.8637295081967213;test;accuracy;17;emotion
0.8555327868852459;test;accuracy;18;emotion
0.8534836065573771;test;accuracy;19;emotion
0.8545081967213115;test;accuracy;20;emotion
0.8627049180327869;test;accuracy;21;emotion
0.8524590163934426;test;accuracy;22;emotion
0.867827868852459;test;accuracy;23;emotion
0.8647540983606558;test;accuracy;24;emotion
0.867827868852459;test;accuracy;25;emotion
0.867827868852459;test;accuracy;26;emotion
0.8545081967213115;test;accuracy;27;emotion
0.8596311475409836;test;accuracy;28;emotion
0.8555327868852459;test;accuracy;29;emotion
0.8514344262295082;test;accuracy;30;emotion
0.8688524590163934;test;accuracy;31;emotion
0.8698770491803278;test;accuracy;32;emotion
0.8688524590163934;test;accuracy;33;emotion
0.8668032786885246;test;accuracy;34;emotion
0.8709016393442623;test;accuracy;35;emotion
0.8627049180327869;test;accuracy;36;emotion
0.8698770491803278;test;accuracy;37;emotion
0.8668032786885246;test;accuracy;38;emotion
0.8647540983606558;test;accuracy;39;emotion
0.8596311475409836;test;accuracy;40;emotion
0.8657786885245902;test;accuracy;41;emotion
0.8668032786885246;test;accuracy;42;emotion
0.8719262295081968;test;accuracy;43;emotion
0.8698770491803278;test;accuracy;44;emotion
0.8668032786885246;test;accuracy;45;emotion
0.8698770491803278;test;accuracy;46;emotion
0.8483606557377049;test;accuracy;47;emotion
0.860655737704918;test;accuracy;48;emotion
0.8534836065573771;test;accuracy;49;emotion
0.8668032786885246;test;accuracy;50;emotion
0.8586065573770492;test;accuracy;51;emotion
0.8688524590163934;test;accuracy;52;emotion
0.8647540983606558;test;accuracy;53;emotion
0.8504098360655737;test;accuracy;54;emotion
0.8473360655737705;test;accuracy;55;emotion
0.8555327868852459;test;accuracy;56;emotion
0.8616803278688525;test;accuracy;57;emotion
0.8688524590163934;test;accuracy;58;emotion
0.8555327868852459;test;accuracy;59;emotion
0.8637295081967213;test;accuracy;60;emotion
0.8575819672131147;test;accuracy;61;emotion
0.8483606557377049;test;accuracy;62;emotion
0.860655737704918;test;accuracy;63;emotion
0.8698770491803278;test;accuracy;64;emotion
0.8637295081967213;test;accuracy;65;emotion
0.8452868852459017;test;accuracy;66;emotion
0.8360655737704918;test;accuracy;67;emotion
0.8657786885245902;test;accuracy;68;emotion
0.8432377049180327;test;accuracy;69;emotion
0.8729508196721312;test;accuracy;70;emotion
0.8586065573770492;test;accuracy;71;emotion
0.8442622950819673;test;accuracy;72;emotion
0.8504098360655737;test;accuracy;73;emotion
0.8668032786885246;test;accuracy;74;emotion
0.8483606557377049;test;accuracy;75;emotion
0.8463114754098361;test;accuracy;76;emotion
0.8391393442622951;test;accuracy;77;emotion
0.8504098360655737;test;accuracy;78;emotion
0.8524590163934426;test;accuracy;79;emotion
0.8545081967213115;test;accuracy;80;emotion
0.8411885245901639;test;accuracy;81;emotion
0.8688524590163934;test;accuracy;82;emotion
0.826844262295082;test;accuracy;83;emotion
0.8278688524590164;test;accuracy;84;emotion
0.8657786885245902;test;accuracy;85;emotion
0.8545081967213115;test;accuracy;86;emotion
0.8135245901639344;test;accuracy;87;emotion
0.8299180327868853;test;accuracy;88;emotion
0.8545081967213115;test;accuracy;89;emotion
0.8411885245901639;test;accuracy;90;emotion
0.8432377049180327;test;accuracy;91;emotion
0.8350409836065574;test;accuracy;92;emotion
0.8514344262295082;test;accuracy;93;emotion
0.8545081967213115;test;accuracy;94;emotion
0.8473360655737705;test;accuracy;95;emotion
0.8483606557377049;test;accuracy;96;emotion
0.8575819672131147;test;accuracy;97;emotion
0.8340163934426229;test;accuracy;98;emotion
0.8575819672131147;test;accuracy;99;emotion
0.8309426229508197;test;accuracy;100;emotion
0.8596311475409836;test;accuracy;101;emotion
0.8473360655737705;test;accuracy;102;emotion
0.8422131147540983;test;accuracy;103;emotion
0.8319672131147541;test;accuracy;104;emotion
0.8432377049180327;test;accuracy;105;emotion
0.8586065573770492;test;accuracy;106;emotion
0.8627049180327869;test;accuracy;107;emotion
0.8452868852459017;test;accuracy;108;emotion
0.8596311475409836;test;accuracy;109;emotion
0.8565573770491803;test;accuracy;110;emotion
0.8350409836065574;test;accuracy;111;emotion
0.8452868852459017;test;accuracy;112;emotion
0.8647540983606558;test;accuracy;113;emotion
0.8258196721311475;test;accuracy;114;emotion
0.8473360655737705;test;accuracy;115;emotion
0.8637295081967213;test;accuracy;116;emotion
0.8627049180327869;test;accuracy;117;emotion
0.8422131147540983;test;accuracy;118;emotion
0.8703263329885239;train;loss;1;emotion
0.8655089580481141;train;loss;2;emotion
0.7800578006348935;train;loss;3;emotion
0.7183484769001917;train;loss;4;emotion
0.5972342438602496;train;loss;5;emotion
0.5091947144205786;train;loss;6;emotion
0.47921343298217445;train;loss;7;emotion
0.4672013372411977;train;loss;8;emotion
0.46014256504240675;train;loss;9;emotion
0.4546828636262797;train;loss;10;emotion
0.441121755197438;train;loss;11;emotion
0.44001213252269444;train;loss;12;emotion
0.4258314359041436;train;loss;13;emotion
0.4215969800765792;train;loss;14;emotion
0.41661730561422605;train;loss;15;emotion
0.4026519192267173;train;loss;16;emotion
0.3925451497766435;train;loss;17;emotion
0.3937379661918847;train;loss;18;emotion
0.39775330958642574;train;loss;19;emotion
0.370989837520004;train;loss;20;emotion
0.37583780051927457;train;loss;21;emotion
0.36800854655793236;train;loss;22;emotion
0.36695702664978014;train;loss;23;emotion
0.3566123653319724;train;loss;24;emotion
0.35179437873364716;train;loss;25;emotion
0.3534946551175071;train;loss;26;emotion
0.3403640409453229;train;loss;27;emotion
0.33483687903195514;train;loss;28;emotion
0.3346985266307633;train;loss;29;emotion
0.32195804265448524;train;loss;30;emotion
0.32273230830380273;train;loss;31;emotion
0.3119652161440563;train;loss;32;emotion
0.31071863456728027;train;loss;33;emotion
0.3056078096617802;train;loss;34;emotion
0.30362507138785066;train;loss;35;emotion
0.2929813628056794;train;loss;36;emotion
0.2837022591682045;train;loss;37;emotion
0.2796320018402923;train;loss;38;emotion
0.27269878025729494;train;loss;39;emotion
0.26358124603069116;train;loss;40;emotion
0.263078038079014;train;loss;41;emotion
0.256179250795862;train;loss;42;emotion
0.24629127758548908;train;loss;43;emotion
0.24468320739507554;train;loss;44;emotion
0.23636418221273037;train;loss;45;emotion
0.23770804891886924;train;loss;46;emotion
0.22180578198144524;train;loss;47;emotion
0.22798354145443053;train;loss;48;emotion
0.21574115369761068;train;loss;49;emotion
0.20564079356939746;train;loss;50;emotion
0.21486837391300972;train;loss;51;emotion
0.20239546971022318;train;loss;52;emotion
0.1888067942210065;train;loss;53;emotion
0.1789532413105669;train;loss;54;emotion
0.1874495424418068;train;loss;55;emotion
0.17955587920028696;train;loss;56;emotion
0.1626727925255505;train;loss;57;emotion
0.15985210851667356;train;loss;58;emotion
0.16075934848529996;train;loss;59;emotion
0.15306173058762299;train;loss;60;emotion
0.15185606954709988;train;loss;61;emotion
0.14201635617222436;train;loss;62;emotion
0.14041124802867552;train;loss;63;emotion
0.13156598484451987;train;loss;64;emotion
0.13440912592294949;train;loss;65;emotion
0.11842674096002755;train;loss;66;emotion
0.13480953460149678;train;loss;67;emotion
0.11813043002927077;train;loss;68;emotion
0.11269670760002215;train;loss;69;emotion
0.10944120046887441;train;loss;70;emotion
0.11524271183307815;train;loss;71;emotion
0.10368164390065865;train;loss;72;emotion
0.10483750346943026;train;loss;73;emotion
0.0988771661673064;train;loss;74;emotion
0.11562879120063195;train;loss;75;emotion
0.07835828784809303;train;loss;76;emotion
0.08509968952115898;train;loss;77;emotion
0.08325538093244217;train;loss;78;emotion
0.08115476246126978;train;loss;79;emotion
0.08897161146941887;train;loss;80;emotion
0.07643823248111303;train;loss;81;emotion
0.0826943414538778;train;loss;82;emotion
0.08665699612202246;train;loss;83;emotion
0.0803023453253865;train;loss;84;emotion
0.07140851230086087;train;loss;85;emotion
0.0767225834046004;train;loss;86;emotion
0.0842733916748737;train;loss;87;emotion
0.0657878215956969;train;loss;88;emotion
0.08112838270494964;train;loss;89;emotion
0.06298204731560865;train;loss;90;emotion
0.07290423940246622;train;loss;91;emotion
0.06811897786021966;train;loss;92;emotion
0.06628212338740216;train;loss;93;emotion
0.05867295485583713;train;loss;94;emotion
0.05312653773415095;train;loss;95;emotion
0.058713596585330326;train;loss;96;emotion
0.05083530155348967;train;loss;97;emotion
0.04770361688627701;train;loss;98;emotion
0.056223070261372715;train;loss;99;emotion
0.05589330782574425;train;loss;100;emotion
0.051197560134604914;train;loss;101;emotion
0.06135412174415918;train;loss;102;emotion
0.04625479008397159;train;loss;103;emotion
0.04979533173224059;train;loss;104;emotion
0.05503921714567912;train;loss;105;emotion
0.055177316793275456;train;loss;106;emotion
0.05739289226878276;train;loss;107;emotion
0.048214297625176546;train;loss;108;emotion
0.046172382633680564;train;loss;109;emotion
0.033767362313296384;train;loss;110;emotion
0.05530088424858284;train;loss;111;emotion
0.03826184512169956;train;loss;112;emotion
0.04666867397003819;train;loss;113;emotion
0.036840878684801175;train;loss;114;emotion
0.052175836574605096;train;loss;115;emotion
0.044055496911966516;train;loss;116;emotion
0.03875490877732467;train;loss;117;emotion
0.03151139280238957;train;loss;118;emotion
0.014558481303521649;test;loss;1;emotion
0.013541434860679276;test;loss;2;emotion
0.011908908680531244;test;loss;3;emotion
0.011126016449650628;test;loss;4;emotion
0.008334822109961997;test;loss;5;emotion
0.005557558776567113;test;loss;6;emotion
0.005275401109978636;test;loss;7;emotion
0.008289163279297159;test;loss;8;emotion
0.0057513834096651;test;loss;9;emotion
0.00799976645567868;test;loss;10;emotion
0.006902135075007807;test;loss;11;emotion
0.005804950388412925;test;loss;12;emotion
0.006785179714259634;test;loss;13;emotion
0.005700570420056881;test;loss;14;emotion
0.004191068990800547;test;loss;15;emotion
0.008503602425033788;test;loss;16;emotion
0.007597657522613009;test;loss;17;emotion
0.00488597270090802;test;loss;18;emotion
0.005540318303995047;test;loss;19;emotion
0.005974382479270779;test;loss;20;emotion
0.005568721259754875;test;loss;21;emotion
0.009104872710265985;test;loss;22;emotion
0.009143233483491582;test;loss;23;emotion
0.003604263383965428;test;loss;24;emotion
0.004205143339245475;test;loss;25;emotion
0.004753507951989665;test;loss;26;emotion
0.00531988785080409;test;loss;27;emotion
0.0019758859159764728;test;loss;28;emotion
0.011872913061431754;test;loss;29;emotion
0.007167073611151639;test;loss;30;emotion
0.0019597408462381973;test;loss;31;emotion
0.009877491556106876;test;loss;32;emotion
0.005136218399996954;test;loss;33;emotion
0.001964725311266371;test;loss;34;emotion
0.007380238010244012;test;loss;35;emotion
0.004271440447953119;test;loss;36;emotion
0.003708384319344356;test;loss;37;emotion
0.006028797671549452;test;loss;38;emotion
0.00693268187188551;test;loss;39;emotion
0.0031233841485201657;test;loss;40;emotion
0.005143317696489398;test;loss;41;emotion
0.0050296129915987425;test;loss;42;emotion
0.004997554452671976;test;loss;43;emotion
0.005669242358432496;test;loss;44;emotion
0.0073014287251185785;test;loss;45;emotion
0.0038672766152995476;test;loss;46;emotion
0.004006143405363993;test;loss;47;emotion
0.009742641829203319;test;loss;48;emotion
0.003764067240544424;test;loss;49;emotion
0.009050574352424257;test;loss;50;emotion
0.008897832805939974;test;loss;51;emotion
0.00986834533143417;test;loss;52;emotion
0.0027290879406224157;test;loss;53;emotion
0.009245469217484505;test;loss;54;emotion
0.008023983990629684;test;loss;55;emotion
0.01566849070308758;test;loss;56;emotion
0.012865220321372968;test;loss;57;emotion
0.0005684393551115472;test;loss;58;emotion
0.003171721784525104;test;loss;59;emotion
0.007341311281931885;test;loss;60;emotion
0.007399926391507357;test;loss;61;emotion
0.0072208085966443515;test;loss;62;emotion
0.006401764739598293;test;loss;63;emotion
0.011092091560420224;test;loss;64;emotion
0.002533604898668648;test;loss;65;emotion
0.004421856007011556;test;loss;66;emotion
0.00639567062609667;test;loss;67;emotion
0.00432534219908537;test;loss;68;emotion
0.024852724778710613;test;loss;69;emotion
0.004587821044246197;test;loss;70;emotion
0.011717678141459202;test;loss;71;emotion
0.004675073494997824;test;loss;72;emotion
0.005406736125253936;test;loss;73;emotion
0.009026300299487233;test;loss;74;emotion
0.00491660191455803;test;loss;75;emotion
0.008786510187941432;test;loss;76;emotion
0.008068580557890441;test;loss;77;emotion
0.004842290118798362;test;loss;78;emotion
0.0038949441821508174;test;loss;79;emotion
0.00828843492037263;test;loss;80;emotion
0.005871044662616903;test;loss;81;emotion
0.00433337971344492;test;loss;82;emotion
0.011903695317661054;test;loss;83;emotion
0.008435674890503094;test;loss;84;emotion
0.00241270837171964;test;loss;85;emotion
0.017431837057801904;test;loss;86;emotion
0.008081154674833002;test;loss;87;emotion
0.011539772999875311;test;loss;88;emotion
0.005269874355532915;test;loss;89;emotion
0.0005802108636219957;test;loss;90;emotion
0.018342373423700608;test;loss;91;emotion
0.010530156813503723;test;loss;92;emotion
0.012604308195949257;test;loss;93;emotion
0.0011472822847157912;test;loss;94;emotion
0.009895034267684536;test;loss;95;emotion
0.019359522730358007;test;loss;96;emotion
0.012851207256641349;test;loss;97;emotion
0.0017929624790106293;test;loss;98;emotion
0.011852105946702178;test;loss;99;emotion
0.005355893039181523;test;loss;100;emotion
0.013641828691848405;test;loss;101;emotion
0.0038421028967230804;test;loss;102;emotion
0.016165787516747143;test;loss;103;emotion
0.010869251043486463;test;loss;104;emotion
0.002513164798940922;test;loss;105;emotion
0.0014640019899679526;test;loss;106;emotion
0.006927709463110886;test;loss;107;emotion
0.008142568534918569;test;loss;108;emotion
0.0024053141967867154;test;loss;109;emotion
0.028445989909874955;test;loss;110;emotion
0.005563041570686419;test;loss;111;emotion
0.010681518834336282;test;loss;112;emotion
0.015717377788967778;test;loss;113;emotion
0.026890825759438824;test;loss;114;emotion
0.0032997598425693222;test;loss;115;emotion
0.004640848691813548;test;loss;116;emotion
0.0026862851722559604;test;loss;117;emotion
0.015033989715869498;test;loss;118;emotion
0.11122501281394157;train;accuracy;1;speaker
0.13006150691952845;train;accuracy;2;speaker
0.15299846232701178;train;accuracy;3;speaker
0.17881855458739107;train;accuracy;4;speaker
0.22711430035879038;train;accuracy;5;speaker
0.2811805911498377;train;accuracy;6;speaker
0.3296111884015523;train;accuracy;7;speaker
0.371604305484367;train;accuracy;8;speaker
0.4095620479526169;train;accuracy;9;speaker
0.44115838031778576;train;accuracy;10;speaker
0.4693630306136713;train;accuracy;11;speaker
0.49470357081838373;train;accuracy;12;speaker
0.5164807002326223;train;accuracy;13;speaker
0.5365563447316395;train;accuracy;14;speaker
0.5553049718093286;train;accuracy;15;speaker
0.571966299333675;train;accuracy;16;speaker
0.5868182229324328;train;accuracy;17;speaker
0.6004185887579019;train;accuracy;18;speaker
0.6130594297121584;train;accuracy;19;speaker
0.6245002562788313;train;accuracy;20;speaker
0.6361450782260624;train;accuracy;21;speaker
0.6466147896183775;train;accuracy;22;speaker
0.6568426447975397;train;accuracy;23;speaker
0.6660580044421665;train;accuracy;24;speaker
0.6748949256791389;train;accuracy;25;speaker
0.6832393644284982;train;accuracy;26;speaker
0.6913643525637375;train;accuracy;27;speaker
0.6990096653730687;train;accuracy;28;speaker
0.7061719012354407;train;accuracy;29;speaker
0.7130873056552195;train;accuracy;30;speaker
0.7196392255419057;train;accuracy;31;speaker
0.7255974500256279;train;accuracy;32;speaker
0.731217868070764;train;accuracy;33;speaker
0.7368393282479573;train;accuracy;34;speaker
0.742534963754851;train;accuracy;35;speaker
0.7477006093741101;train;accuracy;36;speaker
0.7527324864587807;train;accuracy;37;speaker
0.7574658070085516;train;accuracy;38;speaker
0.7621141032212277;train;accuracy;39;speaker
0.7665427985648385;train;accuracy;40;speaker
0.7705616881899213;train;accuracy;41;speaker
0.774535647165068;train;accuracy;42;speaker
0.7783903305400928;train;accuracy;43;speaker
0.7822095894879083;train;accuracy;44;speaker
0.7858363232530327;train;accuracy;45;speaker
0.7893220867782408;train;accuracy;46;speaker
0.7924904849667928;train;accuracy;47;speaker
0.7956763625491201;train;accuracy;48;speaker
0.7987897362943127;train;accuracy;49;speaker
0.8018964633521272;train;accuracy;50;speaker
0.8047557310981799;train;accuracy;51;speaker
0.8076134526672712;train;accuracy;52;speaker
0.8105664245718209;train;accuracy;53;speaker
0.8133957894337187;train;accuracy;54;speaker
0.8159778202320488;train;accuracy;55;speaker
0.8184264479753972;train;accuracy;56;speaker
0.8210274533077954;train;accuracy;57;speaker
0.8233620247795118;train;accuracy;58;speaker
0.8257173635423816;train;accuracy;59;speaker
0.8280625320348539;train;accuracy;60;speaker
0.8303476149263513;train;accuracy;61;speaker
0.8325217837006663;train;accuracy;62;speaker
0.8346920179313824;train;accuracy;63;speaker
0.836778414915428;train;accuracy;64;speaker
0.8388321570792099;train;accuracy;65;speaker
0.8407498873926347;train;accuracy;66;speaker
0.8426027219106925;train;accuracy;67;speaker
0.8445065878734888;train;accuracy;68;speaker
0.8464035537331283;train;accuracy;69;speaker
0.8481950648019331;train;accuracy;70;speaker
0.8497917283300005;train;accuracy;71;speaker
0.8515255709322854;train;accuracy;72;speaker
0.8531662723015243;train;accuracy;73;speaker
0.8547937994375718;train;accuracy;74;speaker
0.8563437553391423;train;accuracy;75;speaker
0.8580080390622893;train;accuracy;76;speaker
0.8595924833751589;train;accuracy;77;speaker
0.8610443033815663;train;accuracy;78;speaker
0.862559933562146;train;accuracy;79;speaker
0.8639832137365454;train;accuracy;80;speaker
0.865421974169625;train;accuracy;81;speaker
0.8668287682364266;train;accuracy;82;speaker
0.8680966819610579;train;accuracy;83;speaker
0.8694655976178273;train;accuracy;84;speaker
0.8707992884493623;train;accuracy;85;speaker
0.8721079231878702;train;accuracy;86;speaker
0.8732745364888033;train;accuracy;87;speaker
0.8745806346395788;train;accuracy;88;speaker
0.8757767552220411;train;accuracy;89;speaker
0.8770089412836722;train;accuracy;90;speaker
0.8781351913079233;train;accuracy;91;speaker
0.8791923874044526;train;accuracy;92;speaker
0.8803205414372558;train;accuracy;93;speaker
0.8814683141215088;train;accuracy;94;speaker
0.8825406674040304;train;accuracy;95;speaker
0.8836066974201264;train;accuracy;96;speaker
0.8846111166887718;train;accuracy;97;speaker
0.8856185734160399;train;accuracy;98;speaker
0.8865849680816364;train;accuracy;99;speaker
0.8875858534085085;train;accuracy;100;speaker
0.8884933342129703;train;accuracy;101;speaker
0.8894131717269174;train;accuracy;102;speaker
0.8903176364622574;train;accuracy;103;speaker
0.891231814059851;train;accuracy;104;speaker
0.8921798345170975;train;accuracy;105;speaker
0.8930180942525845;train;accuracy;106;speaker
0.8939125394597547;train;accuracy;107;speaker
0.8947477077282305;train;accuracy;108;speaker
0.8955793077179899;train;accuracy;109;speaker
0.8964097665532827;train;accuracy;110;speaker
0.8972021739833118;train;accuracy;111;speaker
0.8980422127846526;train;accuracy;112;speaker
0.8988310963744484;train;accuracy;113;speaker
0.8996151321409623;train;accuracy;114;speaker
0.9003766184565328;train;accuracy;115;speaker
0.9010962547941815;train;accuracy;116;speaker
0.9018758734289232;train;accuracy;117;speaker
0.9026444500430028;train;accuracy;118;speaker
0.125;test;accuracy;1;speaker
0.19672131147540983;test;accuracy;2;speaker
0.22438524590163936;test;accuracy;3;speaker
0.367827868852459;test;accuracy;4;speaker
0.5563524590163934;test;accuracy;5;speaker
0.6403688524590164;test;accuracy;6;speaker
0.6588114754098361;test;accuracy;7;speaker
0.7079918032786885;test;accuracy;8;speaker
0.7336065573770492;test;accuracy;9;speaker
0.7131147540983607;test;accuracy;10;speaker
0.7510245901639344;test;accuracy;11;speaker
0.7776639344262295;test;accuracy;12;speaker
0.7602459016393442;test;accuracy;13;speaker
0.7848360655737705;test;accuracy;14;speaker
0.7950819672131147;test;accuracy;15;speaker
0.7991803278688525;test;accuracy;16;speaker
0.805327868852459;test;accuracy;17;speaker
0.8032786885245902;test;accuracy;18;speaker
0.8032786885245902;test;accuracy;19;speaker
0.8206967213114754;test;accuracy;20;speaker
0.8032786885245902;test;accuracy;21;speaker
0.7838114754098361;test;accuracy;22;speaker
0.8206967213114754;test;accuracy;23;speaker
0.805327868852459;test;accuracy;24;speaker
0.8319672131147541;test;accuracy;25;speaker
0.8360655737704918;test;accuracy;26;speaker
0.8217213114754098;test;accuracy;27;speaker
0.8084016393442623;test;accuracy;28;speaker
0.8104508196721312;test;accuracy;29;speaker
0.8452868852459017;test;accuracy;30;speaker
0.826844262295082;test;accuracy;31;speaker
0.8360655737704918;test;accuracy;32;speaker
0.8329918032786885;test;accuracy;33;speaker
0.8360655737704918;test;accuracy;34;speaker
0.8278688524590164;test;accuracy;35;speaker
0.8401639344262295;test;accuracy;36;speaker
0.8504098360655737;test;accuracy;37;speaker
0.8186475409836066;test;accuracy;38;speaker
0.8524590163934426;test;accuracy;39;speaker
0.8360655737704918;test;accuracy;40;speaker
0.8493852459016393;test;accuracy;41;speaker
0.8555327868852459;test;accuracy;42;speaker
0.8370901639344263;test;accuracy;43;speaker
0.8545081967213115;test;accuracy;44;speaker
0.8452868852459017;test;accuracy;45;speaker
0.8565573770491803;test;accuracy;46;speaker
0.8452868852459017;test;accuracy;47;speaker
0.8340163934426229;test;accuracy;48;speaker
0.8401639344262295;test;accuracy;49;speaker
0.8504098360655737;test;accuracy;50;speaker
0.8104508196721312;test;accuracy;51;speaker
0.8565573770491803;test;accuracy;52;speaker
0.8483606557377049;test;accuracy;53;speaker
0.8586065573770492;test;accuracy;54;speaker
0.8596311475409836;test;accuracy;55;speaker
0.8555327868852459;test;accuracy;56;speaker
0.8575819672131147;test;accuracy;57;speaker
0.8463114754098361;test;accuracy;58;speaker
0.8616803278688525;test;accuracy;59;speaker
0.8534836065573771;test;accuracy;60;speaker
0.8504098360655737;test;accuracy;61;speaker
0.8555327868852459;test;accuracy;62;speaker
0.8637295081967213;test;accuracy;63;speaker
0.8483606557377049;test;accuracy;64;speaker
0.8524590163934426;test;accuracy;65;speaker
0.8422131147540983;test;accuracy;66;speaker
0.8647540983606558;test;accuracy;67;speaker
0.8565573770491803;test;accuracy;68;speaker
0.8657786885245902;test;accuracy;69;speaker
0.8627049180327869;test;accuracy;70;speaker
0.8596311475409836;test;accuracy;71;speaker
0.8709016393442623;test;accuracy;72;speaker
0.8493852459016393;test;accuracy;73;speaker
0.8555327868852459;test;accuracy;74;speaker
0.8668032786885246;test;accuracy;75;speaker
0.8555327868852459;test;accuracy;76;speaker
0.8473360655737705;test;accuracy;77;speaker
0.8534836065573771;test;accuracy;78;speaker
0.8729508196721312;test;accuracy;79;speaker
0.860655737704918;test;accuracy;80;speaker
0.860655737704918;test;accuracy;81;speaker
0.8350409836065574;test;accuracy;82;speaker
0.8637295081967213;test;accuracy;83;speaker
0.8504098360655737;test;accuracy;84;speaker
0.860655737704918;test;accuracy;85;speaker
0.8514344262295082;test;accuracy;86;speaker
0.8452868852459017;test;accuracy;87;speaker
0.8483606557377049;test;accuracy;88;speaker
0.860655737704918;test;accuracy;89;speaker
0.8493852459016393;test;accuracy;90;speaker
0.860655737704918;test;accuracy;91;speaker
0.8483606557377049;test;accuracy;92;speaker
0.8596311475409836;test;accuracy;93;speaker
0.867827868852459;test;accuracy;94;speaker
0.8657786885245902;test;accuracy;95;speaker
0.8432377049180327;test;accuracy;96;speaker
0.8575819672131147;test;accuracy;97;speaker
0.8504098360655737;test;accuracy;98;speaker
0.8545081967213115;test;accuracy;99;speaker
0.8657786885245902;test;accuracy;100;speaker
0.8555327868852459;test;accuracy;101;speaker
0.8729508196721312;test;accuracy;102;speaker
0.8442622950819673;test;accuracy;103;speaker
0.8545081967213115;test;accuracy;104;speaker
0.8309426229508197;test;accuracy;105;speaker
0.8575819672131147;test;accuracy;106;speaker
0.8709016393442623;test;accuracy;107;speaker
0.8627049180327869;test;accuracy;108;speaker
0.8647540983606558;test;accuracy;109;speaker
0.8657786885245902;test;accuracy;110;speaker
0.8627049180327869;test;accuracy;111;speaker
0.8637295081967213;test;accuracy;112;speaker
0.8698770491803278;test;accuracy;113;speaker
0.8473360655737705;test;accuracy;114;speaker
0.8616803278688525;test;accuracy;115;speaker
0.860655737704918;test;accuracy;116;speaker
0.8688524590163934;test;accuracy;117;speaker
0.8637295081967213;test;accuracy;118;speaker
2.4668011473485105;train;loss;1;speaker
2.377942883131261;train;loss;2;speaker
2.1496953350772983;train;loss;3;speaker
1.9623477356303112;train;loss;4;speaker
1.6111312191771092;train;loss;5;speaker
1.2981074666561438;train;loss;6;speaker
1.1092873464664517;train;loss;7;speaker
0.9982644937882846;train;loss;8;speaker
0.8974920688440469;train;loss;9;speaker
0.8221110630377569;train;loss;10;speaker
0.7568711838252968;train;loss;11;speaker
0.6922808049398468;train;loss;12;speaker
0.6808686537323457;train;loss;13;speaker
0.6213012003458689;train;loss;14;speaker
0.560684634272347;train;loss;15;speaker
0.5498470664940878;train;loss;16;speaker
0.5470767705670263;train;loss;17;speaker
0.5181678539053224;train;loss;18;speaker
0.48310371904969523;train;loss;19;speaker
0.47519246305886564;train;loss;20;speaker
0.40989932957091496;train;loss;21;speaker
0.40056309444607374;train;loss;22;speaker
0.36817509345309296;train;loss;23;speaker
0.37573528833599473;train;loss;24;speaker
0.3397499028839618;train;loss;25;speaker
0.3402680480926236;train;loss;26;speaker
0.29997840395406355;train;loss;27;speaker
0.3156201431440855;train;loss;28;speaker
0.2996701200854039;train;loss;29;speaker
0.2725016861115279;train;loss;30;speaker
0.2635179277965804;train;loss;31;speaker
0.2818617724351917;train;loss;32;speaker
0.27916262140340037;train;loss;33;speaker
0.23748536679086044;train;loss;34;speaker
0.21274636245152695;train;loss;35;speaker
0.2272722844830664;train;loss;36;speaker
0.20392225068664013;train;loss;37;speaker
0.2034452328356274;train;loss;38;speaker
0.19562982038037707;train;loss;39;speaker
0.19267383348416328;train;loss;40;speaker
0.21254380550264151;train;loss;41;speaker
0.1945678316274403;train;loss;42;speaker
0.19292283622592857;train;loss;43;speaker
0.17057988818626046;train;loss;44;speaker
0.18014747966395958;train;loss;45;speaker
0.165732686975441;train;loss;46;speaker
0.1978719131510298;train;loss;47;speaker
0.18424285121113138;train;loss;48;speaker
0.16532404765081918;train;loss;49;speaker
0.14140739627583462;train;loss;50;speaker
0.17191316744170393;train;loss;51;speaker
0.1485248743983674;train;loss;52;speaker
0.11962095745431038;train;loss;53;speaker
0.12496781969363722;train;loss;54;speaker
0.13995576572763438;train;loss;55;speaker
0.1575943077682899;train;loss;56;speaker
0.10913402210636544;train;loss;57;speaker
0.13405520944397367;train;loss;58;speaker
0.11486909808118426;train;loss;59;speaker
0.10782055766429124;train;loss;60;speaker
0.11464036677294301;train;loss;61;speaker
0.11334842261688823;train;loss;62;speaker
0.10461177158506939;train;loss;63;speaker
0.0996312182959931;train;loss;64;speaker
0.09129165302196385;train;loss;65;speaker
0.11245713469456367;train;loss;66;speaker
0.11529617241632932;train;loss;67;speaker
0.09603416100182575;train;loss;68;speaker
0.08367502942169586;train;loss;69;speaker
0.09248487174755363;train;loss;70;speaker
0.12851970080670058;train;loss;71;speaker
0.09419732465232598;train;loss;72;speaker
0.08895000943514031;train;loss;73;speaker
0.09288917060107038;train;loss;74;speaker
0.09405904113129354;train;loss;75;speaker
0.05707918318119311;train;loss;76;speaker
0.06259446710764384;train;loss;77;speaker
0.08612733748266478;train;loss;78;speaker
0.06601046880412138;train;loss;79;speaker
0.08530954334566007;train;loss;80;speaker
0.06633402048770065;train;loss;81;speaker
0.07163436589776889;train;loss;82;speaker
0.08840823121395618;train;loss;83;speaker
0.06319011607303307;train;loss;84;speaker
0.06150021795555758;train;loss;85;speaker
0.061547157572804816;train;loss;86;speaker
0.09453168173995097;train;loss;87;speaker
0.04463264564561086;train;loss;88;speaker
0.07021367845093514;train;loss;89;speaker
0.05056071871398031;train;loss;90;speaker
0.06827206174241067;train;loss;91;speaker
0.08364375290302879;train;loss;92;speaker
0.05745331397726903;train;loss;93;speaker
0.04107343616476736;train;loss;94;speaker
0.062386586308395296;train;loss;95;speaker
0.055156069753766974;train;loss;96;speaker
0.06041434884781657;train;loss;97;speaker
0.058532346190855115;train;loss;98;speaker
0.0647769412555675;train;loss;99;speaker
0.046370728486535;train;loss;100;speaker
0.05919768909295054;train;loss;101;speaker
0.06420645624855538;train;loss;102;speaker
0.05368232274421327;train;loss;103;speaker
0.055891816068473134;train;loss;104;speaker
0.044016279792866604;train;loss;105;speaker
0.05993648688607243;train;loss;106;speaker
0.044993034003542084;train;loss;107;speaker
0.04661350422345487;train;loss;108;speaker
0.04763257532580534;train;loss;109;speaker
0.04339752225935658;train;loss;110;speaker
0.05669144123433676;train;loss;111;speaker
0.030001355474981846;train;loss;112;speaker
0.05055564832775784;train;loss;113;speaker
0.03703649634775109;train;loss;114;speaker
0.04442762066182923;train;loss;115;speaker
0.052102223081635486;train;loss;116;speaker
0.02739288941095428;train;loss;117;speaker
0.025525654306198957;train;loss;118;speaker
0.04019010294188191;test;loss;1;speaker
0.0317743340324897;test;loss;2;speaker
0.037441252532703785;test;loss;3;speaker
0.029280036103887675;test;loss;4;speaker
0.027328654005388534;test;loss;5;speaker
0.020526198951620157;test;loss;6;speaker
0.018519661175117087;test;loss;7;speaker
0.01408612603003906;test;loss;8;speaker
0.01248231901751183;test;loss;9;speaker
0.012464932078867416;test;loss;10;speaker
0.006915714129816892;test;loss;11;speaker
0.009553005800041843;test;loss;12;speaker
0.00637652167329254;test;loss;13;speaker
0.0075185891439960816;test;loss;14;speaker
0.00371434680953525;test;loss;15;speaker
0.011435402168694287;test;loss;16;speaker
0.00572738414942392;test;loss;17;speaker
0.012689340001128901;test;loss;18;speaker
0.006949886234135685;test;loss;19;speaker
0.011839083091329299;test;loss;20;speaker
0.011094980933995632;test;loss;21;speaker
0.015755957407478045;test;loss;22;speaker
0.01834097159372264;test;loss;23;speaker
0.006328436677864582;test;loss;24;speaker
0.011532122971830159;test;loss;25;speaker
0.0039586462385337645;test;loss;26;speaker
0.014180462763374937;test;loss;27;speaker
0.02198246695011942;test;loss;28;speaker
0.003782263723727195;test;loss;29;speaker
0.007453926039334262;test;loss;30;speaker
0.0043987301350952475;test;loss;31;speaker
0.009514846993572938;test;loss;32;speaker
0.028238143402063928;test;loss;33;speaker
0.013067888886186145;test;loss;34;speaker
0.01046294072948832;test;loss;35;speaker
0.014860320100737505;test;loss;36;speaker
0.004065344373160604;test;loss;37;speaker
0.0013554763734071852;test;loss;38;speaker
0.008838920183941537;test;loss;39;speaker
0.008652723589659421;test;loss;40;speaker
0.0011870239757759914;test;loss;41;speaker
0.007855142969200592;test;loss;42;speaker
0.008042843415222942;test;loss;43;speaker
0.010820555998408756;test;loss;44;speaker
0.011571920156881098;test;loss;45;speaker
0.006066624931393663;test;loss;46;speaker
0.010502181374105787;test;loss;47;speaker
0.009753033690771318;test;loss;48;speaker
0.0011936188199442557;test;loss;49;speaker
0.0020102152992857864;test;loss;50;speaker
0.02605431891957105;test;loss;51;speaker
0.0122841492563893;test;loss;52;speaker
0.012385192843582315;test;loss;53;speaker
0.003801328959956228;test;loss;54;speaker
0.003297793524095658;test;loss;55;speaker
0.03716752956415153;test;loss;56;speaker
0.00468665753209912;test;loss;57;speaker
0.022736794360398764;test;loss;58;speaker
0.00960548395371715;test;loss;59;speaker
0.005461238257881576;test;loss;60;speaker
0.020781833660320336;test;loss;61;speaker
0.0028038025758102734;test;loss;62;speaker
0.03250442090786497;test;loss;63;speaker
0.006186622962214833;test;loss;64;speaker
0.01108464771925299;test;loss;65;speaker
0.01006259484423725;test;loss;66;speaker
0.007725972289108351;test;loss;67;speaker
0.01586981971037047;test;loss;68;speaker
0.01594589669959289;test;loss;69;speaker
0.006582520646726975;test;loss;70;speaker
0.014225940260655798;test;loss;71;speaker
0.0007949795980905453;test;loss;72;speaker
0.001198450171610443;test;loss;73;speaker
0.005063207190148608;test;loss;74;speaker
0.015745856689062157;test;loss;75;speaker
0.011571874271981171;test;loss;76;speaker
0.01738598908458925;test;loss;77;speaker
0.015061125264177523;test;loss;78;speaker
0.011146107161170787;test;loss;79;speaker
0.011006049980433084;test;loss;80;speaker
0.02034761071823823;test;loss;81;speaker
0.018223357396909015;test;loss;82;speaker
0.013631562501107567;test;loss;83;speaker
0.0025299240100519417;test;loss;84;speaker
0.007254967583169092;test;loss;85;speaker
0.006392092106325046;test;loss;86;speaker
0.010227490626747326;test;loss;87;speaker
0.007493308422817613;test;loss;88;speaker
0.0035833588205226898;test;loss;89;speaker
0.0017287577041756104;test;loss;90;speaker
0.013060926504105577;test;loss;91;speaker
0.007069604984301734;test;loss;92;speaker
0.006997989763239183;test;loss;93;speaker
0.001365691273277147;test;loss;94;speaker
0.0042943340009178104;test;loss;95;speaker
0.014259004631218276;test;loss;96;speaker
0.010801892721116525;test;loss;97;speaker
0.00827702872171849;test;loss;98;speaker
0.005732881754510574;test;loss;99;speaker
0.0036208595553437195;test;loss;100;speaker
0.008720150842961705;test;loss;101;speaker
0.00730923561013101;test;loss;102;speaker
0.027809799231288332;test;loss;103;speaker
0.003332114794301075;test;loss;104;speaker
0.003697196877768297;test;loss;105;speaker
0.02174097939505494;test;loss;106;speaker
0.007108137218652496;test;loss;107;speaker
0.00434058767820341;test;loss;108;speaker
0.013555057262265741;test;loss;109;speaker
0.031087748346981033;test;loss;110;speaker
0.0016672855055823495;test;loss;111;speaker
0.02157219270380424;test;loss;112;speaker
0.009255668920747152;test;loss;113;speaker
0.03521240253237113;test;loss;114;speaker
0.010530965595755025;test;loss;115;speaker
0.005083035770083908;test;loss;116;speaker
0.02072655837446056;test;loss;117;speaker
0.0117731626562479;test;loss;118;speaker
0.49769349051768325;train;accuracy;1;gender
0.4546386468477704;train;accuracy;2;gender
0.4196992995045276;train;accuracy;3;gender
0.4352895950794464;train;accuracy;4;gender
0.4931317273193234;train;accuracy;5;gender
0.5512984794122672;train;accuracy;6;gender
0.5976422347514095;train;accuracy;7;gender
0.6364044079958996;train;accuracy;8;gender
0.6686599464661996;train;accuracy;9;gender
0.6943874935930292;train;accuracy;10;gender
0.7159265644657751;train;accuracy;11;gender
0.7351144712113447;train;accuracy;12;gender
0.7516460986476363;train;accuracy;13;gender
0.7661821776378414;train;accuracy;14;gender
0.7788313685289595;train;accuracy;15;gender
0.7902838288057407;train;accuracy;16;gender
0.8004944673922875;train;accuracy;17;gender
0.8094709265903526;train;accuracy;18;gender
0.8174485419083332;train;accuracy;19;gender
0.8248462327011788;train;accuracy;20;gender
0.8317590490834981;train;accuracy;21;gender
0.8379036391594055;train;accuracy;22;gender
0.843759053328282;train;accuracy;23;gender
0.8490731248932172;train;accuracy;24;gender
0.8539518195797027;train;accuracy;25;gender
0.8586523676221267;train;accuracy;26;gender
0.8627579398978681;train;accuracy;27;gender
0.866771618949989;train;accuracy;28;gender
0.8704908181480762;train;accuracy;29;gender
0.8740047838715189;train;accuracy;30;gender
0.8773664456606207;train;accuracy;31;gender
0.8805260123013839;train;accuracy;32;gender
0.8834707919792492;train;accuracy;33;gender
0.8863478759007447;train;accuracy;34;gender
0.8890239437651022;train;accuracy;35;gender
0.8914516772025742;train;accuracy;36;gender
0.8938867109036253;train;accuracy;37;gender
0.8961059105991529;train;accuracy;38;gender
0.8983493014759032;train;accuracy;39;gender
0.9005317785750897;train;accuracy;40;gender
0.9025077821254891;train;accuracy;41;gender
0.9043896902687266;train;accuracy;42;gender
0.9062019477191184;train;accuracy;43;gender
0.9080191976142771;train;accuracy;44;gender
0.9096702545703058;train;accuracy;45;gender
0.9112885253938894;train;accuracy;46;gender
0.9128542918525142;train;accuracy;47;gender
0.9143815137536306;train;accuracy;48;gender
0.9157836379041622;train;accuracy;49;gender
0.9172168118913377;train;accuracy;50;gender
0.9185988080521804;train;accuracy;51;gender
0.9198882230020108;train;accuracy;52;gender
0.9212305252265408;train;accuracy;53;gender
0.922499383032443;train;accuracy;54;gender
0.9237453986300732;train;accuracy;55;gender
0.924882843962803;train;accuracy;56;gender
0.9260118517719208;train;accuracy;57;gender
0.9270709980734901;train;accuracy;58;gender
0.9281811152907244;train;accuracy;59;gender
0.9291944302067315;train;accuracy;60;gender
0.9302207358983623;train;accuracy;61;gender
0.9311974008366264;train;accuracy;62;gender
0.9321756038824209;train;accuracy;63;gender
0.9330992119425935;train;accuracy;64;gender
0.934002286795726;train;accuracy;65;gender
0.9348896447820076;train;accuracy;66;gender
0.9357199140127145;train;accuracy;67;gender
0.9365106883347906;train;accuracy;68;gender
0.93733054026549;train;accuracy;69;gender
0.9381233067291499;train;accuracy;70;gender
0.9388684748160928;train;accuracy;71;gender
0.9396143003587903;train;accuracy;72;gender
0.9403432029938985;train;accuracy;73;gender
0.9410801113773948;train;accuracy;74;gender
0.9417768665641552;train;accuracy;75;gender
0.9424957511667431;train;accuracy;76;gender
0.9431859785524572;train;accuracy;77;gender
0.9437927952792124;train;accuracy;78;gender
0.9444491302739912;train;accuracy;79;gender
0.9450281906714505;train;accuracy;80;gender
0.9456245926432155;train;accuracy;81;gender
0.9462158242802315;train;accuracy;82;gender
0.9467897216750137;train;accuracy;83;gender
0.947337751092236;train;accuracy;84;gender
0.9478849458799409;train;accuracy;85;gender
0.9484313351531117;train;accuracy;86;gender
0.9489033033457643;train;accuracy;87;gender
0.9494402637342155;train;accuracy;88;gender
0.949947880372497;train;accuracy;89;gender
0.9504556068113218;train;accuracy;90;gender
0.9509437256746329;train;accuracy;91;gender
0.9513989481425356;train;accuracy;92;gender
0.9518609149980986;train;accuracy;93;gender
0.9523321373654536;train;accuracy;94;gender
0.9527718578866439;train;accuracy;95;gender
0.953215765419443;train;accuracy;96;gender
0.9536531622694151;train;accuracy;97;gender
0.9540790175629452;train;accuracy;98;gender
0.9544962697192323;train;accuracy;99;gender
0.9549154279856484;train;accuracy;100;gender
0.9552983745324815;train;accuracy;101;gender
0.9556914000864313;train;accuracy;102;gender
0.9560767940762268;train;accuracy;103;gender
0.9564572408626739;train;accuracy;104;gender
0.9568475262990896;train;accuracy;105;gender
0.9572135237855768;train;accuracy;106;gender
0.9575750753268154;train;accuracy;107;gender
0.9579489150862806;train;accuracy;108;gender
0.9583041394909221;train;accuracy;109;gender
0.9586412562322352;train;accuracy;110;gender
0.9589653723431273;train;accuracy;111;gender
0.959311159112543;train;accuracy;112;gender
0.9596462898536262;train;accuracy;113;gender
0.9599732930480995;train;accuracy;114;gender
0.9602946092304949;train;accuracy;115;gender
0.960614804079252;train;accuracy;116;gender
0.9609185734249804;train;accuracy;117;gender
0.9612215378467366;train;accuracy;118;gender
0.5102459016393442;test;accuracy;1;gender
0.2858606557377049;test;accuracy;2;gender
0.4385245901639344;test;accuracy;3;gender
0.8278688524590164;test;accuracy;4;gender
0.9149590163934426;test;accuracy;5;gender
0.9323770491803278;test;accuracy;6;gender
0.8780737704918032;test;accuracy;7;gender
0.9477459016393442;test;accuracy;8;gender
0.9415983606557377;test;accuracy;9;gender
0.9354508196721312;test;accuracy;10;gender
0.9549180327868853;test;accuracy;11;gender
0.9579918032786885;test;accuracy;12;gender
0.951844262295082;test;accuracy;13;gender
0.9426229508196722;test;accuracy;14;gender
0.9579918032786885;test;accuracy;15;gender
0.9549180327868853;test;accuracy;16;gender
0.9579918032786885;test;accuracy;17;gender
0.9569672131147541;test;accuracy;18;gender
0.9364754098360656;test;accuracy;19;gender
0.9620901639344263;test;accuracy;20;gender
0.9538934426229508;test;accuracy;21;gender
0.9405737704918032;test;accuracy;22;gender
0.9559426229508197;test;accuracy;23;gender
0.9631147540983607;test;accuracy;24;gender
0.9600409836065574;test;accuracy;25;gender
0.9600409836065574;test;accuracy;26;gender
0.944672131147541;test;accuracy;27;gender
0.9497950819672131;test;accuracy;28;gender
0.9620901639344263;test;accuracy;29;gender
0.9651639344262295;test;accuracy;30;gender
0.9487704918032787;test;accuracy;31;gender
0.9661885245901639;test;accuracy;32;gender
0.9631147540983607;test;accuracy;33;gender
0.9631147540983607;test;accuracy;34;gender
0.9569672131147541;test;accuracy;35;gender
0.9610655737704918;test;accuracy;36;gender
0.9661885245901639;test;accuracy;37;gender
0.9549180327868853;test;accuracy;38;gender
0.9651639344262295;test;accuracy;39;gender
0.9559426229508197;test;accuracy;40;gender
0.9620901639344263;test;accuracy;41;gender
0.9661885245901639;test;accuracy;42;gender
0.9672131147540983;test;accuracy;43;gender
0.9692622950819673;test;accuracy;44;gender
0.9600409836065574;test;accuracy;45;gender
0.9651639344262295;test;accuracy;46;gender
0.9631147540983607;test;accuracy;47;gender
0.9661885245901639;test;accuracy;48;gender
0.9661885245901639;test;accuracy;49;gender
0.9682377049180327;test;accuracy;50;gender
0.9497950819672131;test;accuracy;51;gender
0.9590163934426229;test;accuracy;52;gender
0.9610655737704918;test;accuracy;53;gender
0.9620901639344263;test;accuracy;54;gender
0.9641393442622951;test;accuracy;55;gender
0.9610655737704918;test;accuracy;56;gender
0.9631147540983607;test;accuracy;57;gender
0.9682377049180327;test;accuracy;58;gender
0.9661885245901639;test;accuracy;59;gender
0.9661885245901639;test;accuracy;60;gender
0.9682377049180327;test;accuracy;61;gender
0.9661885245901639;test;accuracy;62;gender
0.9651639344262295;test;accuracy;63;gender
0.9661885245901639;test;accuracy;64;gender
0.9620901639344263;test;accuracy;65;gender
0.9610655737704918;test;accuracy;66;gender
0.9661885245901639;test;accuracy;67;gender
0.9600409836065574;test;accuracy;68;gender
0.9692622950819673;test;accuracy;69;gender
0.9631147540983607;test;accuracy;70;gender
0.9631147540983607;test;accuracy;71;gender
0.9641393442622951;test;accuracy;72;gender
0.9651639344262295;test;accuracy;73;gender
0.9661885245901639;test;accuracy;74;gender
0.9682377049180327;test;accuracy;75;gender
0.9641393442622951;test;accuracy;76;gender
0.9661885245901639;test;accuracy;77;gender
0.9600409836065574;test;accuracy;78;gender
0.9713114754098361;test;accuracy;79;gender
0.9631147540983607;test;accuracy;80;gender
0.9672131147540983;test;accuracy;81;gender
0.9641393442622951;test;accuracy;82;gender
0.9672131147540983;test;accuracy;83;gender
0.9610655737704918;test;accuracy;84;gender
0.9672131147540983;test;accuracy;85;gender
0.9651639344262295;test;accuracy;86;gender
0.9600409836065574;test;accuracy;87;gender
0.9569672131147541;test;accuracy;88;gender
0.9661885245901639;test;accuracy;89;gender
0.9682377049180327;test;accuracy;90;gender
0.9682377049180327;test;accuracy;91;gender
0.9620901639344263;test;accuracy;92;gender
0.9672131147540983;test;accuracy;93;gender
0.9620901639344263;test;accuracy;94;gender
0.9631147540983607;test;accuracy;95;gender
0.9661885245901639;test;accuracy;96;gender
0.9651639344262295;test;accuracy;97;gender
0.9631147540983607;test;accuracy;98;gender
0.9620901639344263;test;accuracy;99;gender
0.9713114754098361;test;accuracy;100;gender
0.9641393442622951;test;accuracy;101;gender
0.9713114754098361;test;accuracy;102;gender
0.9631147540983607;test;accuracy;103;gender
0.9692622950819673;test;accuracy;104;gender
0.9600409836065574;test;accuracy;105;gender
0.9651639344262295;test;accuracy;106;gender
0.9631147540983607;test;accuracy;107;gender
0.9692622950819673;test;accuracy;108;gender
0.9672131147540983;test;accuracy;109;gender
0.9723360655737705;test;accuracy;110;gender
0.9641393442622951;test;accuracy;111;gender
0.9661885245901639;test;accuracy;112;gender
0.9682377049180327;test;accuracy;113;gender
0.9641393442622951;test;accuracy;114;gender
0.9713114754098361;test;accuracy;115;gender
0.9661885245901639;test;accuracy;116;gender
0.9692622950819673;test;accuracy;117;gender
0.9661885245901639;test;accuracy;118;gender
0.7733004940955349;train;loss;1;gender
0.8395561355923702;train;loss;2;gender
0.7816974237477211;train;loss;3;gender
0.7133118479084443;train;loss;4;gender
0.5882830281614463;train;loss;5;gender
0.4719465291848371;train;loss;6;gender
0.40588026714899306;train;loss;7;gender
0.3699812801189144;train;loss;8;gender
0.33357628587268673;train;loss;9;gender
0.3110465441130174;train;loss;10;gender
0.2910745023214652;train;loss;11;gender
0.2623868471442095;train;loss;12;gender
0.2632404587502238;train;loss;13;gender
0.23975554006274452;train;loss;14;gender
0.23076122144532166;train;loss;15;gender
0.21914294325407196;train;loss;16;gender
0.21745170184675086;train;loss;17;gender
0.2089492099857037;train;loss;18;gender
0.2050487396428061;train;loss;19;gender
0.19416723063913507;train;loss;20;gender
0.18109469250157698;train;loss;21;gender
0.18049483942961095;train;loss;22;gender
0.16851855544082206;train;loss;23;gender
0.16890985604618097;train;loss;24;gender
0.16269779888896804;train;loss;25;gender
0.15272430737986434;train;loss;26;gender
0.14785280009528295;train;loss;27;gender
0.14984530782177166;train;loss;28;gender
0.15154164655278243;train;loss;29;gender
0.1394133919526344;train;loss;30;gender
0.1393501039943837;train;loss;31;gender
0.1377468788008211;train;loss;32;gender
0.13684634892589798;train;loss;33;gender
0.1293868275558808;train;loss;34;gender
0.12276233214863992;train;loss;35;gender
0.1285723201254586;train;loss;36;gender
0.11328666750389389;train;loss;37;gender
0.11592918091373894;train;loss;38;gender
0.11412808714555753;train;loss;39;gender
0.10844800848110953;train;loss;40;gender
0.11360754130712722;train;loss;41;gender
0.10890828119614747;train;loss;42;gender
0.10679504271121223;train;loss;43;gender
0.10101230079732999;train;loss;44;gender
0.10081612819023832;train;loss;45;gender
0.09341934034605627;train;loss;46;gender
0.09778217992710493;train;loss;47;gender
0.09995948380076049;train;loss;48;gender
0.09250478069181017;train;loss;49;gender
0.08553490143122275;train;loss;50;gender
0.08764083288239553;train;loss;51;gender
0.08875633670405692;train;loss;52;gender
0.07400527294020602;train;loss;53;gender
0.07570890009953143;train;loss;54;gender
0.07647941614009979;train;loss;55;gender
0.07911361841774182;train;loss;56;gender
0.06798413934148867;train;loss;57;gender
0.07102885476095379;train;loss;58;gender
0.06616650672408937;train;loss;59;gender
0.06390026839176;train;loss;60;gender
0.06656878253302777;train;loss;61;gender
0.058435487825860735;train;loss;62;gender
0.058295672641984014;train;loss;63;gender
0.05682371695574157;train;loss;64;gender
0.053615498795211776;train;loss;65;gender
0.05309626556883281;train;loss;66;gender
0.061333735785167806;train;loss;67;gender
0.05550913442057991;train;loss;68;gender
0.04837706593604713;train;loss;69;gender
0.04901083918724654;train;loss;70;gender
0.058216853956116706;train;loss;71;gender
0.04775576986781088;train;loss;72;gender
0.04323958540798333;train;loss;73;gender
0.04562901695956333;train;loss;74;gender
0.05060789743290382;train;loss;75;gender
0.03574087380454028;train;loss;76;gender
0.03628878497247938;train;loss;77;gender
0.04085859050950382;train;loss;78;gender
0.03617909141381327;train;loss;79;gender
0.04572982131205174;train;loss;80;gender
0.03657962384703891;train;loss;81;gender
0.03631676859515927;train;loss;82;gender
0.04414718805538774;train;loss;83;gender
0.038020753842525026;train;loss;84;gender
0.0316131661418369;train;loss;85;gender
0.03161795694917547;train;loss;86;gender
0.042008089313120306;train;loss;87;gender
0.029750684296272156;train;loss;88;gender
0.03267141995232634;train;loss;89;gender
0.028607012582527545;train;loss;90;gender
0.030474641404736658;train;loss;91;gender
0.037048162952607745;train;loss;92;gender
0.029362501607093673;train;loss;93;gender
0.023424622213715225;train;loss;94;gender
0.02954004226211384;train;loss;95;gender
0.02628831582755874;train;loss;96;gender
0.02671795027346748;train;loss;97;gender
0.026019984929760806;train;loss;98;gender
0.028305202132536778;train;loss;99;gender
0.025347153257591976;train;loss;100;gender
0.02585793190756512;train;loss;101;gender
0.029423810821360714;train;loss;102;gender
0.02478105338316111;train;loss;103;gender
0.023162488405068123;train;loss;104;gender
0.023473807377144044;train;loss;105;gender
0.024734521134570815;train;loss;106;gender
0.027952562694913727;train;loss;107;gender
0.01995781974447867;train;loss;108;gender
0.021632848371456122;train;loss;109;gender
0.021290652485404914;train;loss;110;gender
0.0239277328596069;train;loss;111;gender
0.016406162987548625;train;loss;112;gender
0.018466037563714215;train;loss;113;gender
0.01880309659928496;train;loss;114;gender
0.022478591386746256;train;loss;115;gender
0.02400513996930076;train;loss;116;gender
0.021012147833167866;train;loss;117;gender
0.015933379711347444;train;loss;118;gender
0.013277292326165542;test;loss;1;gender
0.014640169731881487;test;loss;2;gender
0.011580291429308363;test;loss;3;gender
0.010026370051010317;test;loss;4;gender
0.008398535161426956;test;loss;5;gender
0.008108866759479982;test;loss;6;gender
0.006530769554585146;test;loss;7;gender
0.003897549003750841;test;loss;8;gender
0.005133841243876839;test;loss;9;gender
0.0024249818378936977;test;loss;10;gender
0.002656820046062332;test;loss;11;gender
0.004606604599025003;test;loss;12;gender
0.0033551016676992987;test;loss;13;gender
0.0023955106721498163;test;loss;14;gender
0.002213116035014843;test;loss;15;gender
0.0032695636997352308;test;loss;16;gender
0.0023453287658691175;test;loss;17;gender
0.004347861169936422;test;loss;18;gender
0.003108167754456433;test;loss;19;gender
0.0044216647415897745;test;loss;20;gender
0.0022870623075943045;test;loss;21;gender
0.0016998385558441207;test;loss;22;gender
0.003797681434919322;test;loss;23;gender
0.0020295032480173664;test;loss;24;gender
0.0012309992058651153;test;loss;25;gender
0.0019906841712377683;test;loss;26;gender
0.001225427781052354;test;loss;27;gender
0.00455173963125493;test;loss;28;gender
0.0016859496836230021;test;loss;29;gender
0.002180520528809256;test;loss;30;gender
0.002506611555608191;test;loss;31;gender
0.0015507866041934017;test;loss;32;gender
0.002279823892684464;test;loss;33;gender
0.003301797279987892;test;loss;34;gender
0.003985976224748366;test;loss;35;gender
0.002059310790651734;test;loss;36;gender
0.0024601235171044992;test;loss;37;gender
0.002075688083773422;test;loss;38;gender
0.003567843826795858;test;loss;39;gender
0.002824247630083131;test;loss;40;gender
0.00046342895856288466;test;loss;41;gender
0.003163156127001992;test;loss;42;gender
0.0007530447076602889;test;loss;43;gender
0.003317386911510213;test;loss;44;gender
0.003915049788060263;test;loss;45;gender
0.0018372888411900795;test;loss;46;gender
0.0019251924674356324;test;loss;47;gender
0.0029244890464986445;test;loss;48;gender
0.0010476281124092762;test;loss;49;gender
0.0017404209701411156;test;loss;50;gender
0.006726148695523232;test;loss;51;gender
0.0019815282009975023;test;loss;52;gender
0.0024732424749480688;test;loss;53;gender
0.0008870407963908378;test;loss;54;gender
0.0012750898766359527;test;loss;55;gender
0.0014277772351930945;test;loss;56;gender
0.0016363662371327722;test;loss;57;gender
0.0006009352997437532;test;loss;58;gender
0.0011660313671458962;test;loss;59;gender
0.0008585754132487364;test;loss;60;gender
0.002979802053254198;test;loss;61;gender
0.0013804354227471174;test;loss;62;gender
0.005469639117251006;test;loss;63;gender
0.0016359636838757159;test;loss;64;gender
0.00025743058292089597;test;loss;65;gender
0.0011616866308619264;test;loss;66;gender
0.00105094061222739;test;loss;67;gender
0.0006908403154184617;test;loss;68;gender
0.0007214822643483244;test;loss;69;gender
0.0004560591429454455;test;loss;70;gender
0.003368108822854119;test;loss;71;gender
0.0003494533705384501;test;loss;72;gender
0.0007869442941733696;test;loss;73;gender
0.0006884400190620611;test;loss;74;gender
0.0022556603309361323;test;loss;75;gender
0.0004788636586510945;test;loss;76;gender
0.0003335414417211763;test;loss;77;gender
0.00012107784363180429;test;loss;78;gender
0.0022644562143816125;test;loss;79;gender
0.0033242121468939722;test;loss;80;gender
0.0033065327308321887;test;loss;81;gender
0.00533263945552875;test;loss;82;gender
0.0005236818074148621;test;loss;83;gender
0.0012739538120722046;test;loss;84;gender
0.0005184158783019633;test;loss;85;gender
0.001133980147160225;test;loss;86;gender
0.002107737573495247;test;loss;87;gender
0.0014476141879627004;test;loss;88;gender
0.0005427887684586902;test;loss;89;gender
0.00032426657484801573;test;loss;90;gender
0.0030416731384737953;test;loss;91;gender
0.001620088425381081;test;loss;92;gender
0.00020271657678230063;test;loss;93;gender
0.0012677552745104968;test;loss;94;gender
6.956433370825881e-05;test;loss;95;gender
0.0001959365383891013;test;loss;96;gender
0.002580691726160736;test;loss;97;gender
0.0008737066346450324;test;loss;98;gender
0.0002288447920596953;test;loss;99;gender
0.0007860594063388617;test;loss;100;gender
0.0025631337963725608;test;loss;101;gender
0.0005041052868709747;test;loss;102;gender
0.004264430053379638;test;loss;103;gender
0.00029815425219201214;test;loss;104;gender
0.0006808251323590275;test;loss;105;gender
0.00034600480442859857;test;loss;106;gender
2.3310280187566293e-05;test;loss;107;gender
0.002693970285459659;test;loss;108;gender
0.0018037939850836066;test;loss;109;gender
0.006581669380097188;test;loss;110;gender
0.0002721589708789166;test;loss;111;gender
0.0028989828915510336;test;loss;112;gender
0.0053229509393459985;test;loss;113;gender
0.00015779223603322126;test;loss;114;gender
0.000500508788189476;test;loss;115;gender
0.0010406977582644629;test;loss;116;gender
0.0002637370925042759;test;loss;117;gender
0.00016348911250412915;test;loss;118;gender
