result;subset;metric;epoch;task
0.4887237314197847;train;accuracy;1;emotion
0.6515889287544849;train;accuracy;2;emotion
0.7104903468306851;train;accuracy;3;emotion
0.7394925679138903;train;accuracy;4;emotion
0.7571501793951819;train;accuracy;5;emotion
0.770673159063728;train;accuracy;6;emotion
0.7807351541334114;train;accuracy;7;emotion
0.7889223475140953;train;accuracy;8;emotion
0.7958311976764053;train;accuracy;9;emotion
0.8022296258329062;train;accuracy;10;emotion
0.8076044918689717;train;accuracy;11;emotion
0.8124893217153596;train;accuracy;12;emotion
0.8171746244529433;train;accuracy;13;emotion
0.8213553489053232;train;accuracy;14;emotion
0.8257303946694003;train;accuracy;15;emotion
0.8295265248590467;train;accuracy;16;emotion
0.8332981578074592;train;accuracy;17;emotion
<<<<<<< HEAD
0.8371205649524459;train;accuracy;18;emotion
=======
0.837120564952446;train;accuracy;18;emotion
>>>>>>> ab2608640a2da6795ace059c1e4fe64b9224f47b
0.8404866600124092;train;accuracy;19;emotion
0.8439133777549974;train;accuracy;20;emotion
0.8470869639501111;train;accuracy;21;emotion
0.8502399701784633;train;accuracy;22;emotion
0.8536982149622268;train;accuracy;23;emotion
0.8568042029728344;train;accuracy;24;emotion
0.8600922603792927;train;accuracy;25;emotion
0.8634822379056105;train;accuracy;26;emotion
0.8661749909827818;train;accuracy;27;emotion
0.8689866002782456;train;accuracy;28;emotion
0.8718517471146539;train;accuracy;29;emotion
0.8747479924824876;train;accuracy;30;emotion
0.8775317868421487;train;accuracy;31;emotion
0.8799493849308048;train;accuracy;32;emotion
0.8823369523010732;train;accuracy;33;emotion
0.8847574396237223;train;accuracy;34;emotion
0.8871567694222743;train;accuracy;35;emotion
0.8894228031209066;train;accuracy;36;emotion
0.8917048776095419;train;accuracy;37;emotion
0.8939612614313848;train;accuracy;38;emotion
0.8959245094560317;train;accuracy;39;emotion
0.8978921066119938;train;accuracy;40;emotion
0.89972621919966;train;accuracy;41;emotion
0.9014790949696126;train;accuracy;42;emotion
0.9033828805740646;train;accuracy;43;emotion
<<<<<<< HEAD
0.9051302362424865;train;accuracy;44;emotion
0.9068853579361013;train;accuracy;45;emotion
0.9085307423172064;train;accuracy;46;emotion
0.9100188664841816;train;accuracy;47;emotion
0.9115410900392958;train;accuracy;48;emotion
0.9130011820207324;train;accuracy;49;emotion
0.9143362378267555;train;accuracy;50;emotion
0.9157696907568768;train;accuracy;51;emotion
0.9171233686866695;train;accuracy;52;emotion
0.918474318926917;train;accuracy;53;emotion
0.9197420126430892;train;accuracy;54;emotion
0.9209403103303668;train;accuracy;55;emotion
0.9221141173024824;train;accuracy;56;emotion
0.9232062729864128;train;accuracy;57;emotion
0.9242651867300588;train;accuracy;58;emotion
0.9254054852357332;train;accuracy;59;emotion
0.9264949598496498;train;accuracy;60;emotion
0.9275235062305164;train;accuracy;61;emotion
0.9285023395777188;train;accuracy;62;emotion
0.929478574276114;train;accuracy;63;emotion
0.9304363147104048;train;accuracy;64;emotion
0.9313409297007452;train;accuracy;65;emotion
0.9321249398133048;train;accuracy;66;emotion
0.9329811730685372;train;accuracy;67;emotion
0.9337820725419844;train;accuracy;68;emotion
0.9345486149800548;train;accuracy;69;emotion
0.9353884454858314;train;accuracy;70;emotion
0.9360746745980754;train;accuracy;71;emotion
0.9368308274958712;train;accuracy;72;emotion
0.9375416891934588;train;accuracy;73;emotion
=======
0.9051302362424863;train;accuracy;44;emotion
0.9068853579361011;train;accuracy;45;emotion
0.9085307423172063;train;accuracy;46;emotion
0.9100188664841816;train;accuracy;47;emotion
0.9115410900392961;train;accuracy;48;emotion
0.9130011820207324;train;accuracy;49;emotion
0.9143362378267555;train;accuracy;50;emotion
0.9157696907568769;train;accuracy;51;emotion
0.9171233686866695;train;accuracy;52;emotion
0.918474318926917;train;accuracy;53;emotion
0.919742012643089;train;accuracy;54;emotion
0.9209403103303667;train;accuracy;55;emotion
0.9221141173024823;train;accuracy;56;emotion
0.9232062729864128;train;accuracy;57;emotion
0.9242651867300589;train;accuracy;58;emotion
0.9254054852357331;train;accuracy;59;emotion
0.9264949598496498;train;accuracy;60;emotion
0.9275235062305165;train;accuracy;61;emotion
0.9285023395777187;train;accuracy;62;emotion
0.929478574276114;train;accuracy;63;emotion
0.9304363147104049;train;accuracy;64;emotion
0.9313409297007452;train;accuracy;65;emotion
0.9321249398133048;train;accuracy;66;emotion
0.9329811730685373;train;accuracy;67;emotion
0.9337820725419845;train;accuracy;68;emotion
0.9345486149800548;train;accuracy;69;emotion
0.9353884454858314;train;accuracy;70;emotion
0.9360746745980754;train;accuracy;71;emotion
0.9368308274958711;train;accuracy;72;emotion
0.9375416891934589;train;accuracy;73;emotion
>>>>>>> ab2608640a2da6795ace059c1e4fe64b9224f47b
0.9382021693656752;train;accuracy;74;emotion
0.9389133777549974;train;accuracy;75;emotion
0.9395856375947558;train;accuracy;76;emotion
0.9403036737736892;train;accuracy;77;emotion
<<<<<<< HEAD
0.9410197268987632;train;accuracy;78;emotion
0.9416073548780568;train;accuracy;79;emotion
=======
0.9410197268987633;train;accuracy;78;emotion
0.9416073548780567;train;accuracy;79;emotion
>>>>>>> ab2608640a2da6795ace059c1e4fe64b9224f47b
0.9421418503331624;train;accuracy;80;emotion
0.9426789680505724;train;accuracy;81;emotion
0.9432811191259016;train;accuracy;82;emotion
0.9438996375044;train;accuracy;83;emotion
0.9445125820702448;train;accuracy;84;emotion
<<<<<<< HEAD
0.9450960291856364;train;accuracy;85;emotion
=======
0.9450960291856363;train;accuracy;85;emotion
>>>>>>> ab2608640a2da6795ace059c1e4fe64b9224f47b
0.8299180327868853;test;accuracy;1;emotion
0.8299180327868853;test;accuracy;2;emotion
0.8288934426229508;test;accuracy;3;emotion
0.8022540983606558;test;accuracy;4;emotion
0.8114754098360656;test;accuracy;5;emotion
0.8340163934426229;test;accuracy;6;emotion
0.8473360655737705;test;accuracy;7;emotion
0.8217213114754098;test;accuracy;8;emotion
0.8586065573770492;test;accuracy;9;emotion
0.8739754098360656;test;accuracy;10;emotion
0.867827868852459;test;accuracy;11;emotion
0.8432377049180327;test;accuracy;12;emotion
0.875;test;accuracy;13;emotion
0.7940573770491803;test;accuracy;14;emotion
0.882172131147541;test;accuracy;15;emotion
0.8514344262295082;test;accuracy;16;emotion
0.882172131147541;test;accuracy;17;emotion
0.8831967213114754;test;accuracy;18;emotion
0.7561475409836066;test;accuracy;19;emotion
0.7592213114754098;test;accuracy;20;emotion
0.8811475409836066;test;accuracy;21;emotion
0.8627049180327869;test;accuracy;22;emotion
0.7827868852459017;test;accuracy;23;emotion
0.8739754098360656;test;accuracy;24;emotion
0.8831967213114754;test;accuracy;25;emotion
0.8790983606557377;test;accuracy;26;emotion
0.8780737704918032;test;accuracy;27;emotion
0.8545081967213115;test;accuracy;28;emotion
0.7807377049180327;test;accuracy;29;emotion
0.8688524590163934;test;accuracy;30;emotion
0.8698770491803278;test;accuracy;31;emotion
0.8616803278688525;test;accuracy;32;emotion
0.8391393442622951;test;accuracy;33;emotion
0.8657786885245902;test;accuracy;34;emotion
0.8637295081967213;test;accuracy;35;emotion
0.8780737704918032;test;accuracy;36;emotion
0.8760245901639344;test;accuracy;37;emotion
0.8790983606557377;test;accuracy;38;emotion
0.8801229508196722;test;accuracy;39;emotion
0.8627049180327869;test;accuracy;40;emotion
0.8575819672131147;test;accuracy;41;emotion
0.8770491803278688;test;accuracy;42;emotion
0.8811475409836066;test;accuracy;43;emotion
0.8924180327868853;test;accuracy;44;emotion
0.8657786885245902;test;accuracy;45;emotion
0.8319672131147541;test;accuracy;46;emotion
0.8780737704918032;test;accuracy;47;emotion
0.8575819672131147;test;accuracy;48;emotion
0.8237704918032787;test;accuracy;49;emotion
0.8729508196721312;test;accuracy;50;emotion
0.8668032786885246;test;accuracy;51;emotion
0.8709016393442623;test;accuracy;52;emotion
0.8883196721311475;test;accuracy;53;emotion
0.8504098360655737;test;accuracy;54;emotion
0.8729508196721312;test;accuracy;55;emotion
0.8627049180327869;test;accuracy;56;emotion
0.8668032786885246;test;accuracy;57;emotion
0.8729508196721312;test;accuracy;58;emotion
0.8852459016393442;test;accuracy;59;emotion
0.8647540983606558;test;accuracy;60;emotion
0.8760245901639344;test;accuracy;61;emotion
0.8719262295081968;test;accuracy;62;emotion
0.8657786885245902;test;accuracy;63;emotion
0.8811475409836066;test;accuracy;64;emotion
0.8709016393442623;test;accuracy;65;emotion
0.860655737704918;test;accuracy;66;emotion
0.8657786885245902;test;accuracy;67;emotion
0.8596311475409836;test;accuracy;68;emotion
0.8719262295081968;test;accuracy;69;emotion
0.8811475409836066;test;accuracy;70;emotion
0.8709016393442623;test;accuracy;71;emotion
0.8514344262295082;test;accuracy;72;emotion
0.8319672131147541;test;accuracy;73;emotion
0.8452868852459017;test;accuracy;74;emotion
0.8247950819672131;test;accuracy;75;emotion
0.8534836065573771;test;accuracy;76;emotion
0.8770491803278688;test;accuracy;77;emotion
0.875;test;accuracy;78;emotion
0.8616803278688525;test;accuracy;79;emotion
0.8637295081967213;test;accuracy;80;emotion
0.8381147540983607;test;accuracy;81;emotion
0.7602459016393442;test;accuracy;82;emotion
0.8483606557377049;test;accuracy;83;emotion
0.8790983606557377;test;accuracy;84;emotion
0.8698770491803278;test;accuracy;85;emotion
0.7359208216549861;train;loss;1;emotion
<<<<<<< HEAD
0.483307270958508;train;loss;2;emotion
0.439313008869568;train;loss;3;emotion
0.4275862441681276;train;loss;4;emotion
0.4186903408617316;train;loss;5;emotion
0.4000612453183781;train;loss;6;emotion
0.3832707800570663;train;loss;7;emotion
0.3767836930994985;train;loss;8;emotion
0.3628781617054385;train;loss;9;emotion
=======
0.48330727095850795;train;loss;2;emotion
0.43931300886956803;train;loss;3;emotion
0.42758624416812757;train;loss;4;emotion
0.41869034086173157;train;loss;5;emotion
0.40006124531837806;train;loss;6;emotion
0.38327078005706633;train;loss;7;emotion
0.3767836930994985;train;loss;8;emotion
0.36287816170543846;train;loss;9;emotion
>>>>>>> ab2608640a2da6795ace059c1e4fe64b9224f47b
0.3411288393698614;train;loss;10;emotion
0.34003169245746795;train;loss;11;emotion
0.3368889539593736;train;loss;12;emotion
0.31103346106151875;train;loss;13;emotion
0.2990373846645663;train;loss;14;emotion
0.2903892682919681;train;loss;15;emotion
<<<<<<< HEAD
0.2764777474254293;train;loss;16;emotion
0.26783393689267515;train;loss;17;emotion
0.2460383189864063;train;loss;18;emotion
0.2436962707234553;train;loss;19;emotion
0.2341090021440153;train;loss;20;emotion
0.22666761373049904;train;loss;21;emotion
0.20468330386355865;train;loss;22;emotion
0.1903011315086449;train;loss;23;emotion
0.182889184940784;train;loss;24;emotion
0.16490468379016535;train;loss;25;emotion
0.14669616278289588;train;loss;26;emotion
0.16266231332785774;train;loss;27;emotion
0.15019383475085152;train;loss;28;emotion
0.12245813878238784;train;loss;29;emotion
0.1100724335494468;train;loss;30;emotion
0.1029055659959464;train;loss;31;emotion
=======
0.27647774742542935;train;loss;16;emotion
0.26783393689267515;train;loss;17;emotion
0.24603831898640632;train;loss;18;emotion
0.24369627072345532;train;loss;19;emotion
0.2341090021440153;train;loss;20;emotion
0.22666761373049904;train;loss;21;emotion
0.20468330386355862;train;loss;22;emotion
0.1903011315086449;train;loss;23;emotion
0.18288918494078393;train;loss;24;emotion
0.16490468379016537;train;loss;25;emotion
0.14669616278289588;train;loss;26;emotion
0.16266231332785774;train;loss;27;emotion
0.15019383475085152;train;loss;28;emotion
0.12245813878238782;train;loss;29;emotion
0.11007243354944679;train;loss;30;emotion
0.10290556599594641;train;loss;31;emotion
>>>>>>> ab2608640a2da6795ace059c1e4fe64b9224f47b
0.10687935095698574;train;loss;32;emotion
0.09916542017921187;train;loss;33;emotion
0.10087327516830118;train;loss;34;emotion
0.08076782575567401;train;loss;35;emotion
0.0864025061918582;train;loss;36;emotion
0.07295580510945579;train;loss;37;emotion
<<<<<<< HEAD
0.06696624241994628;train;loss;38;emotion
0.07718375974789697;train;loss;39;emotion
0.06810608080496151;train;loss;40;emotion
0.07185650867400935;train;loss;41;emotion
0.07489340563520963;train;loss;42;emotion
0.05407571781527868;train;loss;43;emotion
0.057865692530522386;train;loss;44;emotion
0.050227833983380016;train;loss;45;emotion
=======
0.06696624241994627;train;loss;38;emotion
0.07718375974789697;train;loss;39;emotion
0.06810608080496151;train;loss;40;emotion
0.07185650867400935;train;loss;41;emotion
0.07489340563520964;train;loss;42;emotion
0.05407571781527868;train;loss;43;emotion
0.057865692530522386;train;loss;44;emotion
0.05022783398338002;train;loss;45;emotion
>>>>>>> ab2608640a2da6795ace059c1e4fe64b9224f47b
0.05222635135925287;train;loss;46;emotion
0.05923059719234231;train;loss;47;emotion
0.04671067129276399;train;loss;48;emotion
0.04603997332500776;train;loss;49;emotion
0.05617360368386285;train;loss;50;emotion
<<<<<<< HEAD
0.038946743127529534;train;loss;51;emotion
0.04634389257357326;train;loss;52;emotion
0.03202901894884468;train;loss;53;emotion
0.04109860933898949;train;loss;54;emotion
0.04126789417453893;train;loss;55;emotion
0.0383701457187098;train;loss;56;emotion
0.044485574121324915;train;loss;57;emotion
0.04321823419663179;train;loss;58;emotion
0.02736764574716529;train;loss;59;emotion
0.029937369698588887;train;loss;60;emotion
0.03774081969940162;train;loss;61;emotion
0.03031873311284168;train;loss;62;emotion
0.028616296775450027;train;loss;63;emotion
=======
0.03894674312752953;train;loss;51;emotion
0.04634389257357326;train;loss;52;emotion
0.032029018948844676;train;loss;53;emotion
0.04109860933898948;train;loss;54;emotion
0.04126789417453893;train;loss;55;emotion
0.0383701457187098;train;loss;56;emotion
0.04448557412132491;train;loss;57;emotion
0.04321823419663179;train;loss;58;emotion
0.02736764574716529;train;loss;59;emotion
0.02993736969858889;train;loss;60;emotion
0.037740819699401615;train;loss;61;emotion
0.030318733112841677;train;loss;62;emotion
0.028616296775450023;train;loss;63;emotion
>>>>>>> ab2608640a2da6795ace059c1e4fe64b9224f47b
0.0282562518189697;train;loss;64;emotion
0.03291153483919089;train;loss;65;emotion
0.053845638570126086;train;loss;66;emotion
0.03152106343880716;train;loss;67;emotion
0.03637333709874531;train;loss;68;emotion
0.04224604900080476;train;loss;69;emotion
0.02152144112340201;train;loss;70;emotion
<<<<<<< HEAD
0.04079057510440042;train;loss;71;emotion
0.028675090159737775;train;loss;72;emotion
0.033083932585002265;train;loss;73;emotion
0.0379687187616078;train;loss;74;emotion
0.02586170830102737;train;loss;75;emotion
0.029687844913286743;train;loss;76;emotion
0.01406949762554375;train;loss;77;emotion
0.012317309834324169;train;loss;78;emotion
0.038227151802715686;train;loss;79;emotion
=======
0.040790575104400414;train;loss;71;emotion
0.028675090159737775;train;loss;72;emotion
0.03308393258500227;train;loss;73;emotion
0.037968718761607796;train;loss;74;emotion
0.025861708301027377;train;loss;75;emotion
0.029687844913286743;train;loss;76;emotion
0.014069497625543752;train;loss;77;emotion
0.012317309834324167;train;loss;78;emotion
0.03822715180271569;train;loss;79;emotion
>>>>>>> ab2608640a2da6795ace059c1e4fe64b9224f47b
0.041355973989371;train;loss;80;emotion
0.04603544481266681;train;loss;81;emotion
0.02414834691638338;train;loss;82;emotion
0.020705973461694224;train;loss;83;emotion
0.016292513952495532;train;loss;84;emotion
0.020035344602094763;train;loss;85;emotion
<<<<<<< HEAD
0.610607977298081;test;loss;1;emotion
0.6917609791796232;test;loss;2;emotion
0.84775569862903;test;loss;3;emotion
0.8316616517025283;test;loss;4;emotion
0.628916367731281;test;loss;5;emotion
0.451806602428584;test;loss;6;emotion
0.8006791962963306;test;loss;7;emotion
0.4879790455982702;test;loss;8;emotion
0.46154173285853933;test;loss;9;emotion
0.4754642959039563;test;loss;10;emotion
0.6291087994255058;test;loss;11;emotion
0.6315661195851615;test;loss;12;emotion
0.7084957742424662;test;loss;13;emotion
0.5169770210495185;test;loss;14;emotion
0.6383765668492003;test;loss;15;emotion
0.3122429683269712;test;loss;16;emotion
0.8192017745757347;test;loss;17;emotion
0.27690234053273266;test;loss;18;emotion
0.3522377747120293;test;loss;19;emotion
0.6230004152758961;test;loss;20;emotion
0.2952137743145926;test;loss;21;emotion
0.40728569900913253;test;loss;22;emotion
0.5772445322230831;test;loss;23;emotion
0.6918288040679405;test;loss;24;emotion
0.8770891226245555;test;loss;25;emotion
1.515237154073799;test;loss;26;emotion
0.7189376597613766;test;loss;27;emotion
0.4529308160381895;test;loss;28;emotion
0.8908445342620805;test;loss;29;emotion
1.040352367919619;test;loss;30;emotion
0.6108477310751554;test;loss;31;emotion
2.8389583722322835;test;loss;32;emotion
0.7964168596894938;test;loss;33;emotion
0.03400250598941594;test;loss;34;emotion
3.029328872169054;test;loss;35;emotion
0.7290471718598166;test;loss;36;emotion
1.2406353130479029;test;loss;37;emotion
0.5610022522029345;test;loss;38;emotion
0.17034868664085073;test;loss;39;emotion
1.000909874428988;test;loss;40;emotion
0.9345481819386962;test;loss;41;emotion
0.3208626502804477;test;loss;42;emotion
0.05698483130922536;test;loss;43;emotion
0.9917159015093108;test;loss;44;emotion
0.06746263367303398;test;loss;45;emotion
0.24327493642364828;test;loss;46;emotion
1.0036903175578868;test;loss;47;emotion
0.08375408305382075;test;loss;48;emotion
0.8837242801886462;test;loss;49;emotion
0.794331803037369;test;loss;50;emotion
0.511190036064982;test;loss;51;emotion
1.22037650765432;test;loss;52;emotion
0.6256595054012893;test;loss;53;emotion
0.8240807752117105;test;loss;54;emotion
2.591094248269674;test;loss;55;emotion
0.6261955015425454;test;loss;56;emotion
0.8623971013683648;test;loss;57;emotion
0.2622484217783941;test;loss;58;emotion
0.6828621771442022;test;loss;59;emotion
1.3906146970981434;test;loss;60;emotion
0.46950451270565635;test;loss;61;emotion
2.725178860372264;test;loss;62;emotion
1.8044007517943284;test;loss;63;emotion
0.40463719039186463;test;loss;64;emotion
1.7346166127497626;test;loss;65;emotion
0.9522559384745601;test;loss;66;emotion
0.9382407509927186;test;loss;67;emotion
0.4537343051541952;test;loss;68;emotion
0.1639625632699712;test;loss;69;emotion
0.004463562080368107;test;loss;70;emotion
1.399481991841056;test;loss;71;emotion
1.8542649878030573;test;loss;72;emotion
1.8814463103974148;test;loss;73;emotion
0.5026660755762213;test;loss;74;emotion
0.5269349632034218;test;loss;75;emotion
1.8984954164884609;test;loss;76;emotion
1.1445051954769014;test;loss;77;emotion
0.6487818466926855;test;loss;78;emotion
0.3377233714913922;test;loss;79;emotion
0.21234659537624712;test;loss;80;emotion
0.2678720459879239;test;loss;81;emotion
2.4332176068118225;test;loss;82;emotion
0.488803203528186;test;loss;83;emotion
0.5468119326590805;test;loss;84;emotion
0.5319883518943131;test;loss;85;emotion
=======
0.006106079772980811;test;loss;1;emotion
0.006917609791796232;test;loss;2;emotion
0.0084775569862903;test;loss;3;emotion
0.008316616517025283;test;loss;4;emotion
0.0062891636773128095;test;loss;5;emotion
0.00451806602428584;test;loss;6;emotion
0.008006791962963304;test;loss;7;emotion
0.004879790455982702;test;loss;8;emotion
0.004615417328585393;test;loss;9;emotion
0.004754642959039563;test;loss;10;emotion
0.006291087994255058;test;loss;11;emotion
0.006315661195851615;test;loss;12;emotion
0.007084957742424663;test;loss;13;emotion
0.005169770210495184;test;loss;14;emotion
0.006383765668492003;test;loss;15;emotion
0.0031224296832697116;test;loss;16;emotion
0.008192017745757348;test;loss;17;emotion
0.0027690234053273266;test;loss;18;emotion
0.003522377747120293;test;loss;19;emotion
0.006230004152758962;test;loss;20;emotion
0.002952137743145926;test;loss;21;emotion
0.004072856990091326;test;loss;22;emotion
0.005772445322230832;test;loss;23;emotion
0.006918288040679404;test;loss;24;emotion
0.008770891226245555;test;loss;25;emotion
0.01515237154073799;test;loss;26;emotion
0.007189376597613766;test;loss;27;emotion
0.0045293081603818945;test;loss;28;emotion
0.008908445342620806;test;loss;29;emotion
0.01040352367919619;test;loss;30;emotion
0.006108477310751555;test;loss;31;emotion
0.02838958372232283;test;loss;32;emotion
0.007964168596894939;test;loss;33;emotion
0.0003400250598941594;test;loss;34;emotion
0.03029328872169054;test;loss;35;emotion
0.007290471718598166;test;loss;36;emotion
0.012406353130479027;test;loss;37;emotion
0.005610022522029345;test;loss;38;emotion
0.0017034868664085076;test;loss;39;emotion
0.01000909874428988;test;loss;40;emotion
0.009345481819386962;test;loss;41;emotion
0.0032086265028044778;test;loss;42;emotion
0.0005698483130922536;test;loss;43;emotion
0.00991715901509311;test;loss;44;emotion
0.0006746263367303399;test;loss;45;emotion
0.002432749364236483;test;loss;46;emotion
0.010036903175578867;test;loss;47;emotion
0.0008375408305382074;test;loss;48;emotion
0.008837242801886462;test;loss;49;emotion
0.00794331803037369;test;loss;50;emotion
0.005111900360649821;test;loss;51;emotion
0.0122037650765432;test;loss;52;emotion
0.006256595054012894;test;loss;53;emotion
0.008240807752117106;test;loss;54;emotion
0.02591094248269674;test;loss;55;emotion
0.006261955015425455;test;loss;56;emotion
0.008623971013683647;test;loss;57;emotion
0.0026224842177839406;test;loss;58;emotion
0.006828621771442021;test;loss;59;emotion
0.013906146970981434;test;loss;60;emotion
0.004695045127056563;test;loss;61;emotion
0.027251788603722633;test;loss;62;emotion
0.01804400751794328;test;loss;63;emotion
0.0040463719039186465;test;loss;64;emotion
0.017346166127497623;test;loss;65;emotion
0.009522559384745602;test;loss;66;emotion
0.009382407509927186;test;loss;67;emotion
0.004537343051541952;test;loss;68;emotion
0.0016396256326997119;test;loss;69;emotion
4.463562080368107e-05;test;loss;70;emotion
0.013994819918410561;test;loss;71;emotion
0.018542649878030573;test;loss;72;emotion
0.01881446310397415;test;loss;73;emotion
0.005026660755762214;test;loss;74;emotion
0.005269349632034218;test;loss;75;emotion
0.018984954164884608;test;loss;76;emotion
0.011445051954769015;test;loss;77;emotion
0.006487818466926854;test;loss;78;emotion
0.003377233714913922;test;loss;79;emotion
0.002123465953762471;test;loss;80;emotion
0.0026787204598792383;test;loss;81;emotion
0.024332176068118227;test;loss;82;emotion
0.004888032035281859;test;loss;83;emotion
0.005468119326590804;test;loss;84;emotion
0.005319883518943131;test;loss;85;emotion
>>>>>>> ab2608640a2da6795ace059c1e4fe64b9224f47b
0.2780625320348539;train;accuracy;1;speaker
0.4429779600205023;train;accuracy;2;speaker
0.5311805911498377;train;accuracy;3;speaker
0.5934136340338289;train;accuracy;4;speaker
0.6378780112762685;train;accuracy;5;speaker
0.6747821629933367;train;accuracy;6;speaker
0.7024602767811379;train;accuracy;7;speaker
0.7244682214249103;train;accuracy;8;speaker
0.7461415798166182;train;accuracy;9;speaker
0.7633521271143003;train;accuracy;10;speaker
0.775825916779274;train;accuracy;11;speaker
0.7885699641209636;train;accuracy;12;speaker
0.7997279501636242;train;accuracy;13;speaker
0.8097129677088672;train;accuracy;14;speaker
0.8177686656415514;train;accuracy;15;speaker
0.8255061506919529;train;accuracy;16;speaker
0.832197666355112;train;accuracy;17;speaker
0.8385443362378268;train;accuracy;18;speaker
0.8440475869324773;train;accuracy;19;speaker
0.8489364428498206;train;accuracy;20;speaker
0.8540553074125601;train;accuracy;21;speaker
0.8587321187269932;train;accuracy;22;speaker
0.8631025338176632;train;accuracy;23;speaker
<<<<<<< HEAD
0.8669485733811719;train;accuracy;24;speaker
=======
0.866948573381172;train;accuracy;24;speaker
>>>>>>> ab2608640a2da6795ace059c1e4fe64b9224f47b
0.8708149666837519;train;accuracy;25;speaker
0.8742656625793479;train;accuracy;26;speaker
0.8772329479659055;train;accuracy;27;speaker
0.8805649117668595;train;accuracy;28;speaker
0.8833842945262377;train;accuracy;29;speaker
0.8862634546386469;train;accuracy;30;speaker
0.8890643342537325;train;accuracy;31;speaker
0.891465914915428;train;accuracy;32;speaker
0.8940170541913238;train;accuracy;33;speaker
0.8964407392890523;train;accuracy;34;speaker
0.8988650508896536;train;accuracy;35;speaker
<<<<<<< HEAD
0.9008770431117944;train;accuracy;36;speaker
0.9029049551858368;train;accuracy;37;speaker
0.9047586932477272;train;accuracy;38;speaker
0.906550224079696;train;accuracy;39;speaker
0.9084892362890824;train;accuracy;40;speaker
0.910146141440912;train;accuracy;41;speaker
0.9117424519782285;train;accuracy;42;speaker
0.9134731145625976;train;accuracy;43;speaker
0.9148979544289642;train;accuracy;44;speaker
0.9166068682726808;train;accuracy;45;speaker
0.9180074877988992;train;accuracy;46;speaker
0.9193430537531216;train;accuracy;47;speaker
0.9206283102682384;train;accuracy;48;speaker
0.9218506469732948;train;accuracy;49;speaker
0.9231214761660688;train;accuracy;50;speaker
0.924432920272158;train;accuracy;51;speaker
0.9256742104640618;train;accuracy;52;speaker
0.9269315203620784;train;accuracy;53;speaker
0.9279809024811588;train;accuracy;54;speaker
0.9289408694841806;train;accuracy;55;speaker
0.9299214688438164;train;accuracy;56;speaker
0.9309036301671656;train;accuracy;57;speaker
0.9318784354619204;train;accuracy;58;speaker
0.9328332276364142;train;accuracy;59;speaker
0.93371348026653;train;accuracy;60;speaker
0.9344976514775946;train;accuracy;61;speaker
0.935363998611134;train;accuracy;62;speaker
0.9362638614304428;train;accuracy;63;speaker
0.9370995643259866;train;accuracy;64;speaker
0.9379056105350312;train;accuracy;65;speaker
0.9386173368746408;train;accuracy;66;speaker
0.93934606822372;train;accuracy;67;speaker
0.9400232158470768;train;accuracy;68;speaker
0.9407773048380986;train;accuracy;69;speaker
0.9415318151863512;train;accuracy;70;speaker
0.9421820518188578;train;accuracy;71;speaker
0.9428177857508968;train;accuracy;72;speaker
=======
0.9008770431117945;train;accuracy;36;speaker
0.9029049551858368;train;accuracy;37;speaker
0.9047586932477272;train;accuracy;38;speaker
0.9065502240796961;train;accuracy;39;speaker
0.9084892362890825;train;accuracy;40;speaker
0.9101461414409121;train;accuracy;41;speaker
0.9117424519782285;train;accuracy;42;speaker
0.9134731145625976;train;accuracy;43;speaker
0.9148979544289642;train;accuracy;44;speaker
0.9166068682726807;train;accuracy;45;speaker
0.9180074877988991;train;accuracy;46;speaker
0.9193430537531216;train;accuracy;47;speaker
0.9206283102682385;train;accuracy;48;speaker
0.9218506469732947;train;accuracy;49;speaker
0.9231214761660687;train;accuracy;50;speaker
0.9244329202721581;train;accuracy;51;speaker
0.9256742104640618;train;accuracy;52;speaker
0.9269315203620785;train;accuracy;53;speaker
0.9279809024811587;train;accuracy;54;speaker
0.9289408694841806;train;accuracy;55;speaker
0.9299214688438163;train;accuracy;56;speaker
0.9309036301671657;train;accuracy;57;speaker
0.9318784354619205;train;accuracy;58;speaker
0.9328332276364142;train;accuracy;59;speaker
0.93371348026653;train;accuracy;60;speaker
0.9344976514775946;train;accuracy;61;speaker
0.9353639986111341;train;accuracy;62;speaker
0.9362638614304427;train;accuracy;63;speaker
0.9370995643259866;train;accuracy;64;speaker
0.9379056105350313;train;accuracy;65;speaker
0.9386173368746408;train;accuracy;66;speaker
0.9393460682237199;train;accuracy;67;speaker
0.9400232158470769;train;accuracy;68;speaker
0.9407773048380986;train;accuracy;69;speaker
0.9415318151863513;train;accuracy;70;speaker
0.9421820518188578;train;accuracy;71;speaker
0.942817785750897;train;accuracy;72;speaker
>>>>>>> ab2608640a2da6795ace059c1e4fe64b9224f47b
0.9434045062946294;train;accuracy;73;speaker
0.9440169282557801;train;accuracy;74;speaker
0.9446437724243978;train;accuracy;75;speaker
0.9452743532331598;train;accuracy;76;speaker
<<<<<<< HEAD
0.9459218382847292;train;accuracy;77;speaker
0.9465198648950572;train;accuracy;78;speaker
0.9469145975124732;train;accuracy;79;speaker
=======
0.9459218382847291;train;accuracy;77;speaker
0.9465198648950571;train;accuracy;78;speaker
0.9469145975124733;train;accuracy;79;speaker
>>>>>>> ab2608640a2da6795ace059c1e4fe64b9224f47b
0.94747565351102;train;accuracy;80;speaker
0.9480038726578962;train;accuracy;81;speaker
0.9485379605205586;train;accuracy;82;speaker
0.9490591787961687;train;accuracy;83;speaker
0.94960459837446;train;accuracy;84;speaker
0.9501130641903096;train;accuracy;85;speaker
<<<<<<< HEAD
0.4549180327868853;test;accuracy;1;speaker
=======
0.45491803278688525;test;accuracy;1;speaker
>>>>>>> ab2608640a2da6795ace059c1e4fe64b9224f47b
0.6711065573770492;test;accuracy;2;speaker
0.7264344262295082;test;accuracy;3;speaker
0.7510245901639344;test;accuracy;4;speaker
0.8247950819672131;test;accuracy;5;speaker
0.8237704918032787;test;accuracy;6;speaker
0.8534836065573771;test;accuracy;7;speaker
0.805327868852459;test;accuracy;8;speaker
0.8596311475409836;test;accuracy;9;speaker
0.8872950819672131;test;accuracy;10;speaker
0.8954918032786885;test;accuracy;11;speaker
0.8360655737704918;test;accuracy;12;speaker
0.8719262295081968;test;accuracy;13;speaker
0.8913934426229508;test;accuracy;14;speaker
0.8514344262295082;test;accuracy;15;speaker
0.8370901639344263;test;accuracy;16;speaker
0.8975409836065574;test;accuracy;17;speaker
0.8442622950819673;test;accuracy;18;speaker
<<<<<<< HEAD
0.9118852459016392;test;accuracy;19;speaker
=======
0.9118852459016393;test;accuracy;19;speaker
>>>>>>> ab2608640a2da6795ace059c1e4fe64b9224f47b
0.867827868852459;test;accuracy;20;speaker
0.8780737704918032;test;accuracy;21;speaker
0.8299180327868853;test;accuracy;22;speaker
0.8473360655737705;test;accuracy;23;speaker
0.8862704918032787;test;accuracy;24;speaker
0.8637295081967213;test;accuracy;25;speaker
0.8668032786885246;test;accuracy;26;speaker
0.8831967213114754;test;accuracy;27;speaker
0.8811475409836066;test;accuracy;28;speaker
0.8647540983606558;test;accuracy;29;speaker
0.8862704918032787;test;accuracy;30;speaker
<<<<<<< HEAD
0.9067622950819672;test;accuracy;31;speaker
0.9057377049180328;test;accuracy;32;speaker
0.9026639344262296;test;accuracy;33;speaker
0.9036885245901641;test;accuracy;34;speaker
0.8514344262295082;test;accuracy;35;speaker
0.9067622950819672;test;accuracy;36;speaker
0.9088114754098359;test;accuracy;37;speaker
=======
0.9067622950819673;test;accuracy;31;speaker
0.9057377049180327;test;accuracy;32;speaker
0.9026639344262295;test;accuracy;33;speaker
0.9036885245901639;test;accuracy;34;speaker
0.8514344262295082;test;accuracy;35;speaker
0.9067622950819673;test;accuracy;36;speaker
0.9088114754098361;test;accuracy;37;speaker
>>>>>>> ab2608640a2da6795ace059c1e4fe64b9224f47b
0.9211065573770492;test;accuracy;38;speaker
0.8934426229508197;test;accuracy;39;speaker
0.8842213114754098;test;accuracy;40;speaker
0.9221311475409836;test;accuracy;41;speaker
0.9211065573770492;test;accuracy;42;speaker
<<<<<<< HEAD
0.9190573770491804;test;accuracy;43;speaker
0.9149590163934426;test;accuracy;44;speaker
0.9200819672131147;test;accuracy;45;speaker
0.9159836065573772;test;accuracy;46;speaker
0.9200819672131147;test;accuracy;47;speaker
0.8719262295081968;test;accuracy;48;speaker
0.9282786885245902;test;accuracy;49;speaker
0.9159836065573772;test;accuracy;50;speaker
0.923155737704918;test;accuracy;51;speaker
0.9241803278688524;test;accuracy;52;speaker
0.9016393442622952;test;accuracy;53;speaker
0.9067622950819672;test;accuracy;54;speaker
0.9036885245901641;test;accuracy;55;speaker
0.9088114754098359;test;accuracy;56;speaker
0.8934426229508197;test;accuracy;57;speaker
0.9170081967213116;test;accuracy;58;speaker
0.9313524590163934;test;accuracy;59;speaker
0.9047131147540984;test;accuracy;60;speaker
0.9334016393442623;test;accuracy;61;speaker
0.9262295081967212;test;accuracy;62;speaker
0.9344262295081968;test;accuracy;63;speaker
0.9190573770491804;test;accuracy;64;speaker
0.9262295081967212;test;accuracy;65;speaker
0.9098360655737704;test;accuracy;66;speaker
0.9047131147540984;test;accuracy;67;speaker
0.9200819672131147;test;accuracy;68;speaker
0.9364754098360656;test;accuracy;69;speaker
0.9149590163934426;test;accuracy;70;speaker
0.9241803278688524;test;accuracy;71;speaker
0.9282786885245902;test;accuracy;72;speaker
0.8913934426229508;test;accuracy;73;speaker
0.9313524590163934;test;accuracy;74;speaker
0.9088114754098359;test;accuracy;75;speaker
0.930327868852459;test;accuracy;76;speaker
0.9262295081967212;test;accuracy;77;speaker
0.9262295081967212;test;accuracy;78;speaker
0.9159836065573772;test;accuracy;79;speaker
0.9190573770491804;test;accuracy;80;speaker
0.9241803278688524;test;accuracy;81;speaker
=======
0.9190573770491803;test;accuracy;43;speaker
0.9149590163934426;test;accuracy;44;speaker
0.9200819672131147;test;accuracy;45;speaker
0.9159836065573771;test;accuracy;46;speaker
0.9200819672131147;test;accuracy;47;speaker
0.8719262295081968;test;accuracy;48;speaker
0.9282786885245902;test;accuracy;49;speaker
0.9159836065573771;test;accuracy;50;speaker
0.923155737704918;test;accuracy;51;speaker
0.9241803278688525;test;accuracy;52;speaker
0.9016393442622951;test;accuracy;53;speaker
0.9067622950819673;test;accuracy;54;speaker
0.9036885245901639;test;accuracy;55;speaker
0.9088114754098361;test;accuracy;56;speaker
0.8934426229508197;test;accuracy;57;speaker
0.9170081967213115;test;accuracy;58;speaker
0.9313524590163934;test;accuracy;59;speaker
0.9047131147540983;test;accuracy;60;speaker
0.9334016393442623;test;accuracy;61;speaker
0.9262295081967213;test;accuracy;62;speaker
0.9344262295081968;test;accuracy;63;speaker
0.9190573770491803;test;accuracy;64;speaker
0.9262295081967213;test;accuracy;65;speaker
0.9098360655737705;test;accuracy;66;speaker
0.9047131147540983;test;accuracy;67;speaker
0.9200819672131147;test;accuracy;68;speaker
0.9364754098360656;test;accuracy;69;speaker
0.9149590163934426;test;accuracy;70;speaker
0.9241803278688525;test;accuracy;71;speaker
0.9282786885245902;test;accuracy;72;speaker
0.8913934426229508;test;accuracy;73;speaker
0.9313524590163934;test;accuracy;74;speaker
0.9088114754098361;test;accuracy;75;speaker
0.930327868852459;test;accuracy;76;speaker
0.9262295081967213;test;accuracy;77;speaker
0.9262295081967213;test;accuracy;78;speaker
0.9159836065573771;test;accuracy;79;speaker
0.9190573770491803;test;accuracy;80;speaker
0.9241803278688525;test;accuracy;81;speaker
>>>>>>> ab2608640a2da6795ace059c1e4fe64b9224f47b
0.923155737704918;test;accuracy;82;speaker
0.9221311475409836;test;accuracy;83;speaker
0.9272540983606558;test;accuracy;84;speaker
0.9221311475409836;test;accuracy;85;speaker
2.0337819558177346;train;loss;1;speaker
1.1011314481603738;train;loss;2;speaker
0.8457896811481869;train;loss;3;speaker
0.6585569373159639;train;loss;4;speaker
0.5445775745741103;train;loss;5;speaker
<<<<<<< HEAD
0.4239580527994341;train;loss;6;speaker
=======
0.42395805279943405;train;loss;6;speaker
>>>>>>> ab2608640a2da6795ace059c1e4fe64b9224f47b
0.3921793471813691;train;loss;7;speaker
0.3574217841724198;train;loss;8;speaker
0.2673653757370539;train;loss;9;speaker
0.25148282677072675;train;loss;10;speaker
0.30326988226874924;train;loss;11;speaker
<<<<<<< HEAD
0.22247229231619825;train;loss;12;speaker
0.20838062817289052;train;loss;13;speaker
0.19613654920683346;train;loss;14;speaker
0.22004108822144092;train;loss;15;speaker
0.17739525624478794;train;loss;16;speaker
0.19015587300352413;train;loss;17;speaker
0.17076918618731593;train;loss;18;speaker
0.16851478046725674;train;loss;19;speaker
0.17242633928279885;train;loss;20;speaker
0.1384257109027102;train;loss;21;speaker
0.12967390042067586;train;loss;22;speaker
=======
0.22247229231619822;train;loss;12;speaker
0.20838062817289058;train;loss;13;speaker
0.19613654920683343;train;loss;14;speaker
0.22004108822144097;train;loss;15;speaker
0.17739525624478797;train;loss;16;speaker
0.19015587300352413;train;loss;17;speaker
0.17076918618731593;train;loss;18;speaker
0.16851478046725676;train;loss;19;speaker
0.17242633928279885;train;loss;20;speaker
0.1384257109027102;train;loss;21;speaker
0.12967390042067584;train;loss;22;speaker
>>>>>>> ab2608640a2da6795ace059c1e4fe64b9224f47b
0.12662365374612172;train;loss;23;speaker
0.13398032731494494;train;loss;24;speaker
0.11236062141059913;train;loss;25;speaker
0.1137090862744408;train;loss;26;speaker
<<<<<<< HEAD
0.13067883739046476;train;loss;27;speaker
0.0963641679375554;train;loss;28;speaker
0.11160581495167964;train;loss;29;speaker
0.10163453468018956;train;loss;30;speaker
=======
0.13067883739046474;train;loss;27;speaker
0.09636416793755541;train;loss;28;speaker
0.11160581495167964;train;loss;29;speaker
0.10163453468018957;train;loss;30;speaker
>>>>>>> ab2608640a2da6795ace059c1e4fe64b9224f47b
0.09191173680130486;train;loss;31;speaker
0.1092800896677801;train;loss;32;speaker
0.07912376027330871;train;loss;33;speaker
0.07303208842690269;train;loss;34;speaker
0.0585668371624668;train;loss;35;speaker
0.09027611335375747;train;loss;36;speaker
0.0730175078888999;train;loss;37;speaker
0.07670710163657815;train;loss;38;speaker
0.06834820044469919;train;loss;39;speaker
0.05245277447686142;train;loss;40;speaker
0.07739198738389264;train;loss;41;speaker
0.06969584020733956;train;loss;42;speaker
0.04414584256588328;train;loss;43;speaker
<<<<<<< HEAD
0.07443990791717718;train;loss;44;speaker
0.030844421206383005;train;loss;45;speaker
0.0542267050908192;train;loss;46;speaker
0.0577037208505941;train;loss;47;speaker
0.062499829931237164;train;loss;48;speaker
=======
0.07443990791717717;train;loss;44;speaker
0.030844421206383005;train;loss;45;speaker
0.0542267050908192;train;loss;46;speaker
0.0577037208505941;train;loss;47;speaker
0.06249982993123716;train;loss;48;speaker
>>>>>>> ab2608640a2da6795ace059c1e4fe64b9224f47b
0.0609944139558083;train;loss;49;speaker
0.04717332046889036;train;loss;50;speaker
0.03135718037180988;train;loss;51;speaker
0.03509379513485349;train;loss;52;speaker
<<<<<<< HEAD
0.02522595494848101;train;loss;53;speaker
=======
0.025225954948481018;train;loss;53;speaker
>>>>>>> ab2608640a2da6795ace059c1e4fe64b9224f47b
0.054606700698195405;train;loss;54;speaker
0.05328125154302631;train;loss;55;speaker
0.05399812268201111;train;loss;56;speaker
0.043770781398842974;train;loss;57;speaker
<<<<<<< HEAD
0.04014501853694213;train;loss;58;speaker
0.03477849031505922;train;loss;59;speaker
0.04722695890265106;train;loss;60;speaker
0.055274092329752895;train;loss;61;speaker
0.03111422555984166;train;loss;62;speaker
=======
0.04014501853694214;train;loss;58;speaker
0.03477849031505922;train;loss;59;speaker
0.04722695890265106;train;loss;60;speaker
0.055274092329752895;train;loss;61;speaker
0.031114225559841665;train;loss;62;speaker
>>>>>>> ab2608640a2da6795ace059c1e4fe64b9224f47b
0.024988788041619844;train;loss;63;speaker
0.02994296883640077;train;loss;64;speaker
0.033318537354005306;train;loss;65;speaker
0.04286399570183694;train;loss;66;speaker
0.0398273649814036;train;loss;67;speaker
<<<<<<< HEAD
0.04522165333969602;train;loss;68;speaker
0.0253150759901859;train;loss;69;speaker
0.0195284116353748;train;loss;70;speaker
0.047644376175488605;train;loss;71;speaker
0.030867635675809555;train;loss;72;speaker
0.04947653559033211;train;loss;73;speaker
0.039325466491702064;train;loss;74;speaker
=======
0.045221653339696015;train;loss;68;speaker
0.025315075990185905;train;loss;69;speaker
0.019528411635374797;train;loss;70;speaker
0.047644376175488605;train;loss;71;speaker
0.030867635675809555;train;loss;72;speaker
0.04947653559033211;train;loss;73;speaker
0.03932546649170206;train;loss;74;speaker
>>>>>>> ab2608640a2da6795ace059c1e4fe64b9224f47b
0.022919955520653408;train;loss;75;speaker
0.029003952464102162;train;loss;76;speaker
0.01776172245368371;train;loss;77;speaker
0.025954676914765863;train;loss;78;speaker
0.06919849316755654;train;loss;79;speaker
0.022242088946081824;train;loss;80;speaker
<<<<<<< HEAD
0.02865517015298252;train;loss;81;speaker
0.026766052441685808;train;loss;82;speaker
0.027209223808719752;train;loss;83;speaker
0.01901755361142437;train;loss;84;speaker
0.01967156381391157;train;loss;85;speaker
3.1677557145421713;test;loss;1;speaker
2.105103514400415;test;loss;2;speaker
1.3592338399162205;test;loss;3;speaker
1.81015693254775;test;loss;4;speaker
1.2513628135590922;test;loss;5;speaker
0.37199167298692254;test;loss;6;speaker
1.6222643090757587;test;loss;7;speaker
1.0358016096494331;test;loss;8;speaker
0.12007149796653388;test;loss;9;speaker
0.251129380994235;test;loss;10;speaker
0.14104429713246572;test;loss;11;speaker
0.8745090909738145;test;loss;12;speaker
0.5867199675217984;test;loss;13;speaker
2.1781684980624654;test;loss;14;speaker
0.866525830332362;test;loss;15;speaker
1.7208854391724264;test;loss;16;speaker
0.06887482240240238;test;loss;17;speaker
0.36011211573561147;test;loss;18;speaker
0.6289681665062462;test;loss;19;speaker
0.10040787172195365;test;loss;20;speaker
0.25819481794912075;test;loss;21;speaker
0.8897368261140154;test;loss;22;speaker
1.9472573119475212;test;loss;23;speaker
0.42872290226135784;test;loss;24;speaker
0.08960896284898273;test;loss;25;speaker
0.3508970459272679;test;loss;26;speaker
1.6753104650864188;test;loss;27;speaker
0.15578015350283894;test;loss;28;speaker
0.27450431014469523;test;loss;29;speaker
1.5361431692573848;test;loss;30;speaker
0.7248610272911266;test;loss;31;speaker
1.4633843555930204;test;loss;32;speaker
0.8473402264646924;test;loss;33;speaker
0.029980988642390988;test;loss;34;speaker
0.22752726492147468;test;loss;35;speaker
1.5589219305976503;test;loss;36;speaker
1.660540869364577;test;loss;37;speaker
0.616538703134839;test;loss;38;speaker
0.6305229396893289;test;loss;39;speaker
0.3647661951928685;test;loss;40;speaker
0.9299207337252157;test;loss;41;speaker
1.4687876783475002;test;loss;42;speaker
0.0167719425925954;test;loss;43;speaker
0.9302420920536313;test;loss;44;speaker
0.217993817181788;test;loss;45;speaker
0.003050222379929353;test;loss;46;speaker
0.07605198423281367;test;loss;47;speaker
1.2717234598840488;test;loss;48;speaker
0.6109310798134087;test;loss;49;speaker
0.7760588217162813;test;loss;50;speaker
0.1475399654350802;test;loss;51;speaker
0.3027276585759661;test;loss;52;speaker
0.30857204974282354;test;loss;53;speaker
0.7702391220030845;test;loss;54;speaker
1.0421789585497596;test;loss;55;speaker
1.2467143532946057;test;loss;56;speaker
0.8610106051860041;test;loss;57;speaker
0.008283968619223168;test;loss;58;speaker
0.025057252411773673;test;loss;59;speaker
0.1928335372884604;test;loss;60;speaker
0.05887923299177911;test;loss;61;speaker
0.02032187102794484;test;loss;62;speaker
0.41635334717845685;test;loss;63;speaker
0.42300724000381756;test;loss;64;speaker
0.198864943367547;test;loss;65;speaker
1.449238978830394;test;loss;66;speaker
1.0881272809543974;test;loss;67;speaker
0.030135086404593926;test;loss;68;speaker
0.3939114403830797;test;loss;69;speaker
0.05985870941508263;test;loss;70;speaker
0.02003494763443689;test;loss;71;speaker
1.3003775917291935;test;loss;72;speaker
0.6424540089631118;test;loss;73;speaker
2.08491909288454;test;loss;74;speaker
0.4331246156436012;test;loss;75;speaker
0.819915959355261;test;loss;76;speaker
0.6822577472641393;test;loss;77;speaker
0.010376933362712141;test;loss;78;speaker
1.5695549752267157;test;loss;79;speaker
0.1617102389413815;test;loss;80;speaker
0.1100050682456704;test;loss;81;speaker
0.062080628209961866;test;loss;82;speaker
0.928344050573517;test;loss;83;speaker
0.6336698925675939;test;loss;84;speaker
0.09045658361262238;test;loss;85;speaker
=======
0.02865517015298251;train;loss;81;speaker
0.02676605244168581;train;loss;82;speaker
0.027209223808719752;train;loss;83;speaker
0.01901755361142437;train;loss;84;speaker
0.01967156381391157;train;loss;85;speaker
0.03167755714542171;test;loss;1;speaker
0.021051035144004148;test;loss;2;speaker
0.013592338399162206;test;loss;3;speaker
0.0181015693254775;test;loss;4;speaker
0.012513628135590921;test;loss;5;speaker
0.003719916729869226;test;loss;6;speaker
0.016222643090757587;test;loss;7;speaker
0.010358016096494333;test;loss;8;speaker
0.0012007149796653387;test;loss;9;speaker
0.00251129380994235;test;loss;10;speaker
0.0014104429713246572;test;loss;11;speaker
0.008745090909738146;test;loss;12;speaker
0.005867199675217985;test;loss;13;speaker
0.021781684980624653;test;loss;14;speaker
0.00866525830332362;test;loss;15;speaker
0.017208854391724263;test;loss;16;speaker
0.0006887482240240237;test;loss;17;speaker
0.0036011211573561148;test;loss;18;speaker
0.006289681665062462;test;loss;19;speaker
0.0010040787172195362;test;loss;20;speaker
0.0025819481794912076;test;loss;21;speaker
0.008897368261140154;test;loss;22;speaker
0.019472573119475218;test;loss;23;speaker
0.004287229022613579;test;loss;24;speaker
0.0008960896284898274;test;loss;25;speaker
0.003508970459272679;test;loss;26;speaker
0.016753104650864187;test;loss;27;speaker
0.0015578015350283891;test;loss;28;speaker
0.0027450431014469524;test;loss;29;speaker
0.015361431692573847;test;loss;30;speaker
0.0072486102729112665;test;loss;31;speaker
0.014633843555930202;test;loss;32;speaker
0.008473402264646924;test;loss;33;speaker
0.0002998098864239099;test;loss;34;speaker
0.002275272649214746;test;loss;35;speaker
0.015589219305976502;test;loss;36;speaker
0.016605408693645768;test;loss;37;speaker
0.006165387031348391;test;loss;38;speaker
0.006305229396893289;test;loss;39;speaker
0.0036476619519286856;test;loss;40;speaker
0.009299207337252154;test;loss;41;speaker
0.014687876783475003;test;loss;42;speaker
0.00016771942592595405;test;loss;43;speaker
0.009302420920536313;test;loss;44;speaker
0.00217993817181788;test;loss;45;speaker
3.0502223799293527e-05;test;loss;46;speaker
0.0007605198423281368;test;loss;47;speaker
0.012717234598840488;test;loss;48;speaker
0.006109310798134087;test;loss;49;speaker
0.007760588217162813;test;loss;50;speaker
0.001475399654350802;test;loss;51;speaker
0.0030272765857596614;test;loss;52;speaker
0.0030857204974282355;test;loss;53;speaker
0.007702391220030845;test;loss;54;speaker
0.010421789585497597;test;loss;55;speaker
0.012467143532946057;test;loss;56;speaker
0.008610106051860042;test;loss;57;speaker
8.283968619223168e-05;test;loss;58;speaker
0.00025057252411773675;test;loss;59;speaker
0.0019283353728846036;test;loss;60;speaker
0.0005887923299177911;test;loss;61;speaker
0.00020321871027944834;test;loss;62;speaker
0.0041635334717845685;test;loss;63;speaker
0.004230072400038176;test;loss;64;speaker
0.00198864943367547;test;loss;65;speaker
0.01449238978830394;test;loss;66;speaker
0.010881272809543973;test;loss;67;speaker
0.00030135086404593927;test;loss;68;speaker
0.0039391144038307966;test;loss;69;speaker
0.0005985870941508262;test;loss;70;speaker
0.0002003494763443689;test;loss;71;speaker
0.013003775917291937;test;loss;72;speaker
0.006424540089631118;test;loss;73;speaker
0.020849190928845393;test;loss;74;speaker
0.004331246156436012;test;loss;75;speaker
0.00819915959355261;test;loss;76;speaker
0.006822577472641394;test;loss;77;speaker
0.00010376933362712141;test;loss;78;speaker
0.015695549752267165;test;loss;79;speaker
0.001617102389413815;test;loss;80;speaker
0.001100050682456704;test;loss;81;speaker
0.0006208062820996186;test;loss;82;speaker
0.009283440505735168;test;loss;83;speaker
0.006336698925675939;test;loss;84;speaker
0.0009045658361262238;test;loss;85;speaker
>>>>>>> ab2608640a2da6795ace059c1e4fe64b9224f47b
0.5366478728856996;train;accuracy;1;gender
0.6979753972321886;train;accuracy;2;gender
0.7696053305996925;train;accuracy;3;gender
0.8115709892362891;train;accuracy;4;gender
0.8385955920041005;train;accuracy;5;gender
0.8580215274218349;train;accuracy;6;gender
0.8727026433330892;train;accuracy;7;gender
0.8839697590978985;train;accuracy;8;gender
0.8929039239136625;train;accuracy;9;gender
0.9005894413121476;train;accuracy;10;gender
<<<<<<< HEAD
0.9065048227016448;train;accuracy;11;gender
0.9117332991628224;train;accuracy;12;gender
0.9166502385364508;train;accuracy;13;gender
0.9207732298455004;train;accuracy;14;gender
0.9242952332137364;train;accuracy;15;gender
0.9278895438236802;train;accuracy;16;gender
0.9308047155304972;train;accuracy;17;gender
0.9332963152799134;train;accuracy;18;gender
0.9357009900455908;train;accuracy;19;gender
0.9374807790876474;train;accuracy;20;gender
0.9396158258280248;train;accuracy;21;gender
0.9416383206747124;train;accuracy;22;gender
0.9435629443094956;train;accuracy;23;gender
0.9453271826413804;train;accuracy;24;gender
0.9468990261404407;train;accuracy;25;gender
0.9484879548949255;train;accuracy;26;gender
0.9495984964975226;train;accuracy;27;gender
0.9510598960240172;train;accuracy;28;gender
0.952376323370862;train;accuracy;29;gender
0.9535793610114472;train;accuracy;30;gender
0.9546303797886941;train;accuracy;31;gender
0.955647744746284;train;accuracy;32;gender
0.9565801531460169;train;accuracy;33;gender
0.9575104772816354;train;accuracy;34;gender
0.9584681848136488;train;accuracy;35;gender
0.9592872600945384;train;accuracy;36;gender
0.9601382520398408;train;accuracy;37;gender
0.9609242223960722;train;accuracy;38;gender
0.9617487416052256;train;accuracy;39;gender
0.9625832906201948;train;accuracy;40;gender
0.963327124301484;train;accuracy;41;gender
=======
0.9065048227016449;train;accuracy;11;gender
0.9117332991628225;train;accuracy;12;gender
0.9166502385364508;train;accuracy;13;gender
0.9207732298455005;train;accuracy;14;gender
0.9242952332137365;train;accuracy;15;gender
0.9278895438236802;train;accuracy;16;gender
0.9308047155304972;train;accuracy;17;gender
0.9332963152799134;train;accuracy;18;gender
0.9357009900455907;train;accuracy;19;gender
0.9374807790876474;train;accuracy;20;gender
0.9396158258280247;train;accuracy;21;gender
0.9416383206747123;train;accuracy;22;gender
0.9435629443094957;train;accuracy;23;gender
0.9453271826413805;train;accuracy;24;gender
0.9468990261404407;train;accuracy;25;gender
0.9484879548949257;train;accuracy;26;gender
0.9495984964975226;train;accuracy;27;gender
0.951059896024017;train;accuracy;28;gender
0.952376323370862;train;accuracy;29;gender
0.9535793610114471;train;accuracy;30;gender
0.9546303797886939;train;accuracy;31;gender
0.955647744746284;train;accuracy;32;gender
0.9565801531460169;train;accuracy;33;gender
0.9575104772816354;train;accuracy;34;gender
0.9584681848136487;train;accuracy;35;gender
0.9592872600945385;train;accuracy;36;gender
0.9601382520398409;train;accuracy;37;gender
0.9609242223960722;train;accuracy;38;gender
0.9617487416052255;train;accuracy;39;gender
0.9625832906201948;train;accuracy;40;gender
0.9633271243014839;train;accuracy;41;gender
>>>>>>> ab2608640a2da6795ace059c1e4fe64b9224f47b
0.9640538429620952;train;accuracy;42;gender
0.9647527207275934;train;accuracy;43;gender
0.965414006803038;train;accuracy;44;gender
0.9660914630673728;train;accuracy;45;gender
0.9666948944799768;train;accuracy;46;gender
0.9672835534423154;train;accuracy;47;gender
0.9678316675209294;train;accuracy;48;gender
<<<<<<< HEAD
0.9683783303172628;train;accuracy;49;gender
0.968949256791389;train;accuracy;50;gender
0.9694525683158964;train;accuracy;51;gender
0.9699710207782992;train;accuracy;52;gender
0.9704457317485952;train;accuracy;53;gender
0.9709265903525258;train;accuracy;54;gender
0.9713806439588092;train;accuracy;55;gender
0.9718276341802738;train;accuracy;56;gender
0.972236459935076;train;accuracy;57;gender
0.9726665370543841;train;accuracy;58;gender
0.9730429419072356;train;accuracy;59;gender
0.9734067999316592;train;accuracy;60;gender
0.9737545268924721;train;accuracy;61;gender
0.9741158380317786;train;accuracy;62;gender
0.9744778827300612;train;accuracy;63;gender
0.9748326178882624;train;accuracy;64;gender
=======
0.9683783303172627;train;accuracy;49;gender
0.968949256791389;train;accuracy;50;gender
0.9694525683158963;train;accuracy;51;gender
0.9699710207782991;train;accuracy;52;gender
0.9704457317485953;train;accuracy;53;gender
0.9709265903525258;train;accuracy;54;gender
0.971380643958809;train;accuracy;55;gender
0.9718276341802738;train;accuracy;56;gender
0.972236459935076;train;accuracy;57;gender
0.9726665370543841;train;accuracy;58;gender
0.9730429419072357;train;accuracy;59;gender
0.973406799931659;train;accuracy;60;gender
0.9737545268924721;train;accuracy;61;gender
0.9741158380317786;train;accuracy;62;gender
0.9744778827300611;train;accuracy;63;gender
0.9748326178882625;train;accuracy;64;gender
>>>>>>> ab2608640a2da6795ace059c1e4fe64b9224f47b
0.9751922091235264;train;accuracy;65;gender
0.9754981905161301;train;accuracy;66;gender
0.9758179884789278;train;accuracy;67;gender
0.9761133053939156;train;accuracy;68;gender
0.9763926340264004;train;accuracy;69;gender
<<<<<<< HEAD
0.9766639818408144;train;accuracy;70;gender
0.9769493434208532;train;accuracy;71;gender
0.9772303377185492;train;accuracy;72;gender
0.9774931015355666;train;accuracy;73;gender
0.9777660797650548;train;accuracy;74;gender
0.9780317785750896;train;accuracy;75;gender
0.9782904853111763;train;accuracy;76;gender
0.9785557855778256;train;accuracy;77;gender
0.9788044263954054;train;accuracy;78;gender
0.9790013560069812;train;accuracy;79;gender
0.9792286007175808;train;accuracy;80;gender
0.9794628901924306;train;accuracy;81;gender
0.9797008413446512;train;accuracy;82;gender
0.9799361464309312;train;accuracy;83;gender
0.9801505943228136;train;accuracy;84;gender
=======
0.9766639818408143;train;accuracy;70;gender
0.9769493434208532;train;accuracy;71;gender
0.977230337718549;train;accuracy;72;gender
0.9774931015355666;train;accuracy;73;gender
0.9777660797650547;train;accuracy;74;gender
0.9780317785750897;train;accuracy;75;gender
0.9782904853111765;train;accuracy;76;gender
0.9785557855778255;train;accuracy;77;gender
0.9788044263954054;train;accuracy;78;gender
0.9790013560069811;train;accuracy;79;gender
0.9792286007175808;train;accuracy;80;gender
0.9794628901924306;train;accuracy;81;gender
0.9797008413446513;train;accuracy;82;gender
0.9799361464309313;train;accuracy;83;gender
0.9801505943228137;train;accuracy;84;gender
>>>>>>> ab2608640a2da6795ace059c1e4fe64b9224f47b
0.9803599963819459;train;accuracy;85;gender
0.7899590163934426;test;accuracy;1;gender
0.9313524590163934;test;accuracy;2;gender
0.951844262295082;test;accuracy;3;gender
0.9415983606557377;test;accuracy;4;gender
0.951844262295082;test;accuracy;5;gender
0.9477459016393442;test;accuracy;6;gender
0.9610655737704918;test;accuracy;7;gender
0.9456967213114754;test;accuracy;8;gender
0.9426229508196722;test;accuracy;9;gender
<<<<<<< HEAD
0.9590163934426228;test;accuracy;10;gender
0.9631147540983608;test;accuracy;11;gender
0.9293032786885246;test;accuracy;12;gender
0.9815573770491804;test;accuracy;13;gender
0.9661885245901641;test;accuracy;14;gender
0.9661885245901641;test;accuracy;15;gender
0.956967213114754;test;accuracy;16;gender
0.9508196721311476;test;accuracy;17;gender
0.9487704918032788;test;accuracy;18;gender
0.9702868852459016;test;accuracy;19;gender
0.9579918032786884;test;accuracy;20;gender
0.9743852459016392;test;accuracy;21;gender
0.9006147540983607;test;accuracy;22;gender
0.9641393442622952;test;accuracy;23;gender
0.9754098360655736;test;accuracy;24;gender
0.9713114754098359;test;accuracy;25;gender
0.9651639344262296;test;accuracy;26;gender
0.9702868852459016;test;accuracy;27;gender
0.9733606557377048;test;accuracy;28;gender
0.9764344262295082;test;accuracy;29;gender
0.9815573770491804;test;accuracy;30;gender
0.9754098360655736;test;accuracy;31;gender
0.9825819672131147;test;accuracy;32;gender
0.9784836065573772;test;accuracy;33;gender
0.9795081967213116;test;accuracy;34;gender
0.9467213114754098;test;accuracy;35;gender
0.980532786885246;test;accuracy;36;gender
0.9764344262295082;test;accuracy;37;gender
0.9784836065573772;test;accuracy;38;gender
0.9713114754098359;test;accuracy;39;gender
0.9713114754098359;test;accuracy;40;gender
0.9764344262295082;test;accuracy;41;gender
0.980532786885246;test;accuracy;42;gender
0.9795081967213116;test;accuracy;43;gender
0.9774590163934426;test;accuracy;44;gender
0.9754098360655736;test;accuracy;45;gender
0.9825819672131147;test;accuracy;46;gender
0.9795081967213116;test;accuracy;47;gender
0.9795081967213116;test;accuracy;48;gender
0.980532786885246;test;accuracy;49;gender
0.9764344262295082;test;accuracy;50;gender
0.980532786885246;test;accuracy;51;gender
0.9866803278688524;test;accuracy;52;gender
0.9672131147540984;test;accuracy;53;gender
0.9774590163934426;test;accuracy;54;gender
0.9774590163934426;test;accuracy;55;gender
0.9815573770491804;test;accuracy;56;gender
0.980532786885246;test;accuracy;57;gender
0.9836065573770492;test;accuracy;58;gender
0.9795081967213116;test;accuracy;59;gender
0.9815573770491804;test;accuracy;60;gender
0.9836065573770492;test;accuracy;61;gender
0.9784836065573772;test;accuracy;62;gender
0.9774590163934426;test;accuracy;63;gender
0.9825819672131147;test;accuracy;64;gender
0.9754098360655736;test;accuracy;65;gender
0.9795081967213116;test;accuracy;66;gender
0.9784836065573772;test;accuracy;67;gender
0.9795081967213116;test;accuracy;68;gender
0.985655737704918;test;accuracy;69;gender
0.9784836065573772;test;accuracy;70;gender
0.9764344262295082;test;accuracy;71;gender
0.980532786885246;test;accuracy;72;gender
0.9784836065573772;test;accuracy;73;gender
0.9815573770491804;test;accuracy;74;gender
0.9795081967213116;test;accuracy;75;gender
0.9784836065573772;test;accuracy;76;gender
0.9846311475409836;test;accuracy;77;gender
0.9764344262295082;test;accuracy;78;gender
0.980532786885246;test;accuracy;79;gender
0.9713114754098359;test;accuracy;80;gender
0.9815573770491804;test;accuracy;81;gender
0.985655737704918;test;accuracy;82;gender
0.9723360655737704;test;accuracy;83;gender
0.9825819672131147;test;accuracy;84;gender
0.9866803278688524;test;accuracy;85;gender
0.7283471290390654;train;loss;1;gender
0.4036512460572973;train;loss;2;gender
0.3177550829324522;train;loss;3;gender
0.2584300964673564;train;loss;4;gender
0.2266523921790641;train;loss;5;gender
0.19357175722542566;train;loss;6;gender
=======
0.9590163934426229;test;accuracy;10;gender
0.9631147540983607;test;accuracy;11;gender
0.9293032786885246;test;accuracy;12;gender
0.9815573770491803;test;accuracy;13;gender
0.9661885245901639;test;accuracy;14;gender
0.9661885245901639;test;accuracy;15;gender
0.9569672131147541;test;accuracy;16;gender
0.9508196721311475;test;accuracy;17;gender
0.9487704918032787;test;accuracy;18;gender
0.9702868852459017;test;accuracy;19;gender
0.9579918032786885;test;accuracy;20;gender
0.9743852459016393;test;accuracy;21;gender
0.9006147540983607;test;accuracy;22;gender
0.9641393442622951;test;accuracy;23;gender
0.9754098360655737;test;accuracy;24;gender
0.9713114754098361;test;accuracy;25;gender
0.9651639344262295;test;accuracy;26;gender
0.9702868852459017;test;accuracy;27;gender
0.9733606557377049;test;accuracy;28;gender
0.9764344262295082;test;accuracy;29;gender
0.9815573770491803;test;accuracy;30;gender
0.9754098360655737;test;accuracy;31;gender
0.9825819672131147;test;accuracy;32;gender
0.9784836065573771;test;accuracy;33;gender
0.9795081967213115;test;accuracy;34;gender
0.9467213114754098;test;accuracy;35;gender
0.9805327868852459;test;accuracy;36;gender
0.9764344262295082;test;accuracy;37;gender
0.9784836065573771;test;accuracy;38;gender
0.9713114754098361;test;accuracy;39;gender
0.9713114754098361;test;accuracy;40;gender
0.9764344262295082;test;accuracy;41;gender
0.9805327868852459;test;accuracy;42;gender
0.9795081967213115;test;accuracy;43;gender
0.9774590163934426;test;accuracy;44;gender
0.9754098360655737;test;accuracy;45;gender
0.9825819672131147;test;accuracy;46;gender
0.9795081967213115;test;accuracy;47;gender
0.9795081967213115;test;accuracy;48;gender
0.9805327868852459;test;accuracy;49;gender
0.9764344262295082;test;accuracy;50;gender
0.9805327868852459;test;accuracy;51;gender
0.9866803278688525;test;accuracy;52;gender
0.9672131147540983;test;accuracy;53;gender
0.9774590163934426;test;accuracy;54;gender
0.9774590163934426;test;accuracy;55;gender
0.9815573770491803;test;accuracy;56;gender
0.9805327868852459;test;accuracy;57;gender
0.9836065573770492;test;accuracy;58;gender
0.9795081967213115;test;accuracy;59;gender
0.9815573770491803;test;accuracy;60;gender
0.9836065573770492;test;accuracy;61;gender
0.9784836065573771;test;accuracy;62;gender
0.9774590163934426;test;accuracy;63;gender
0.9825819672131147;test;accuracy;64;gender
0.9754098360655737;test;accuracy;65;gender
0.9795081967213115;test;accuracy;66;gender
0.9784836065573771;test;accuracy;67;gender
0.9795081967213115;test;accuracy;68;gender
0.985655737704918;test;accuracy;69;gender
0.9784836065573771;test;accuracy;70;gender
0.9764344262295082;test;accuracy;71;gender
0.9805327868852459;test;accuracy;72;gender
0.9784836065573771;test;accuracy;73;gender
0.9815573770491803;test;accuracy;74;gender
0.9795081967213115;test;accuracy;75;gender
0.9784836065573771;test;accuracy;76;gender
0.9846311475409836;test;accuracy;77;gender
0.9764344262295082;test;accuracy;78;gender
0.9805327868852459;test;accuracy;79;gender
0.9713114754098361;test;accuracy;80;gender
0.9815573770491803;test;accuracy;81;gender
0.985655737704918;test;accuracy;82;gender
0.9723360655737705;test;accuracy;83;gender
0.9825819672131147;test;accuracy;84;gender
0.9866803278688525;test;accuracy;85;gender
0.7283471290390654;train;loss;1;gender
0.40365124605729724;train;loss;2;gender
0.3177550829324522;train;loss;3;gender
0.2584300964673564;train;loss;4;gender
0.2266523921790641;train;loss;5;gender
0.19357175722542572;train;loss;6;gender
>>>>>>> ab2608640a2da6795ace059c1e4fe64b9224f47b
0.18129873339913552;train;loss;7;gender
0.16645233302559992;train;loss;8;gender
0.15070555311389486;train;loss;9;gender
0.14524206766588513;train;loss;10;gender
0.14875618426433776;train;loss;11;gender
0.13526705832343294;train;loss;12;gender
0.12557003676494166;train;loss;13;gender
<<<<<<< HEAD
0.12356227739064406;train;loss;14;gender
0.120890293218795;train;loss;15;gender
0.11036668841591986;train;loss;16;gender
0.11484182537029733;train;loss;17;gender
0.10182276555264932;train;loss;18;gender
=======
0.12356227739064404;train;loss;14;gender
0.12089029321879499;train;loss;15;gender
0.11036668841591986;train;loss;16;gender
0.11484182537029732;train;loss;17;gender
0.10182276555264931;train;loss;18;gender
>>>>>>> ab2608640a2da6795ace059c1e4fe64b9224f47b
0.09973630036438874;train;loss;19;gender
0.10310954989713624;train;loss;20;gender
0.09250322014078123;train;loss;21;gender
0.08408436965653678;train;loss;22;gender
0.07510222244467386;train;loss;23;gender
0.07388313321624886;train;loss;24;gender
0.06867734131821909;train;loss;25;gender
<<<<<<< HEAD
0.06212431924090149;train;loss;26;gender
0.07671141193779629;train;loss;27;gender
0.0624884166461208;train;loss;28;gender
0.059358478125198136;train;loss;29;gender
0.05318505463616656;train;loss;30;gender
0.04973201919203842;train;loss;31;gender
0.05586469186606437;train;loss;32;gender
0.04341535357283911;train;loss;33;gender
=======
0.062124319240901484;train;loss;26;gender
0.07671141193779629;train;loss;27;gender
0.062488416646120794;train;loss;28;gender
0.05935847812519814;train;loss;29;gender
0.05318505463616656;train;loss;30;gender
0.04973201919203841;train;loss;31;gender
0.05586469186606437;train;loss;32;gender
0.043415353572839106;train;loss;33;gender
>>>>>>> ab2608640a2da6795ace059c1e4fe64b9224f47b
0.0464825790236083;train;loss;34;gender
0.03805244626951853;train;loss;35;gender
0.04378549282943619;train;loss;36;gender
0.03514639539944857;train;loss;37;gender
<<<<<<< HEAD
0.03992221643074178;train;loss;38;gender
0.03546178615105452;train;loss;39;gender
0.027663792143153388;train;loss;40;gender
0.034992494947372006;train;loss;41;gender
0.03576040891753838;train;loss;42;gender
=======
0.039922216430741786;train;loss;38;gender
0.03546178615105452;train;loss;39;gender
0.027663792143153388;train;loss;40;gender
0.034992494947372006;train;loss;41;gender
0.03576040891753839;train;loss;42;gender
>>>>>>> ab2608640a2da6795ace059c1e4fe64b9224f47b
0.026634314534245303;train;loss;43;gender
0.02979062549934089;train;loss;44;gender
0.02109597023024674;train;loss;45;gender
0.02423137124698955;train;loss;46;gender
0.03127554728473412;train;loss;47;gender
<<<<<<< HEAD
0.028176886482552836;train;loss;48;gender
0.026981551754839718;train;loss;49;gender
0.02664248376553912;train;loss;50;gender
=======
0.028176886482552833;train;loss;48;gender
0.02698155175483972;train;loss;49;gender
0.026642483765539116;train;loss;50;gender
>>>>>>> ab2608640a2da6795ace059c1e4fe64b9224f47b
0.02191114451245489;train;loss;51;gender
0.019337637010085344;train;loss;52;gender
0.0155778052533539;train;loss;53;gender
0.018922296629312604;train;loss;54;gender
0.02316300233235074;train;loss;55;gender
0.02171965940988626;train;loss;56;gender
<<<<<<< HEAD
0.0230780177473304;train;loss;57;gender
0.01820563436555044;train;loss;58;gender
0.017543382127351605;train;loss;59;gender
0.018352982792420945;train;loss;60;gender
0.025886010599137886;train;loss;61;gender
=======
0.023078017747330398;train;loss;57;gender
0.018205634365550435;train;loss;58;gender
0.017543382127351605;train;loss;59;gender
0.018352982792420945;train;loss;60;gender
0.02588601059913788;train;loss;61;gender
>>>>>>> ab2608640a2da6795ace059c1e4fe64b9224f47b
0.016873967767941804;train;loss;62;gender
0.014231680074218815;train;loss;63;gender
0.013672959664048887;train;loss;64;gender
0.014357099529147637;train;loss;65;gender
0.019138192956544446;train;loss;66;gender
<<<<<<< HEAD
0.015372360834535853;train;loss;67;gender
0.01894495664770667;train;loss;68;gender
0.01739535970600949;train;loss;69;gender
0.012484498250406562;train;loss;70;gender
0.01575782492748251;train;loss;71;gender
0.01409604917277989;train;loss;72;gender
=======
0.015372360834535852;train;loss;67;gender
0.01894495664770667;train;loss;68;gender
0.017395359706009493;train;loss;69;gender
0.012484498250406562;train;loss;70;gender
0.01575782492748251;train;loss;71;gender
0.014096049172779892;train;loss;72;gender
>>>>>>> ab2608640a2da6795ace059c1e4fe64b9224f47b
0.015820876580650137;train;loss;73;gender
0.018846356272239188;train;loss;74;gender
0.011551889738183505;train;loss;75;gender
0.01031949051043858;train;loss;76;gender
0.008257716043780158;train;loss;77;gender
0.00984169077241544;train;loss;78;gender
0.018374085006495504;train;loss;79;gender
<<<<<<< HEAD
0.011739130351484307;train;loss;80;gender
0.015907946990746557;train;loss;81;gender
0.011249526267797749;train;loss;82;gender
0.009053779931606271;train;loss;83;gender
0.009545688680468605;train;loss;84;gender
0.00812652672706377;train;loss;85;gender
0.8658131244910052;test;loss;1;gender
0.6154351902595591;test;loss;2;gender
0.40126364214127286;test;loss;3;gender
0.25743841696152664;test;loss;4;gender
0.3407929376653824;test;loss;5;gender
0.2789202639609691;test;loss;6;gender
0.43744275792811144;test;loss;7;gender
0.3496557356018064;test;loss;8;gender
0.34629942332705854;test;loss;9;gender
0.2183314781790617;test;loss;10;gender
0.19791613840094494;test;loss;11;gender
0.31742866800991054;test;loss;12;gender
0.16418631128327046;test;loss;13;gender
0.5592824176024336;test;loss;14;gender
0.24710423500790127;test;loss;15;gender
0.38259392613213744;test;loss;16;gender
0.09424590915014339;test;loss;17;gender
0.3619513660281607;test;loss;18;gender
0.10371160638041248;test;loss;19;gender
0.22551131385260326;test;loss;20;gender
0.08327057704400151;test;loss;21;gender
0.23443764147611001;test;loss;22;gender
0.5350747421234922;test;loss;23;gender
0.08156641713241247;test;loss;24;gender
0.07127269385616927;test;loss;25;gender
0.2137056957180441;test;loss;26;gender
0.43897917643645784;test;loss;27;gender
0.12165894808964352;test;loss;28;gender
0.07078730725189368;test;loss;29;gender
0.4323322761895375;test;loss;30;gender
0.3133514236855736;test;loss;31;gender
0.008246216306928936;test;loss;32;gender
0.014781217498364564;test;loss;33;gender
0.0356295259429266;test;loss;34;gender
0.004066635928810471;test;loss;35;gender
0.5696404664643248;test;loss;36;gender
0.12263619868145641;test;loss;37;gender
0.03530975749930026;test;loss;38;gender
0.04229029462948778;test;loss;39;gender
0.14636079045037892;test;loss;40;gender
0.20078993177465426;test;loss;41;gender
0.22213449751836317;test;loss;42;gender
0.03285299521300236;test;loss;43;gender
0.07137617175419013;test;loss;44;gender
0.13762147710482614;test;loss;45;gender
0.007739062957662306;test;loss;46;gender
0.06303653577406647;test;loss;47;gender
0.128165890639615;test;loss;48;gender
0.002403657680167313;test;loss;49;gender
0.35522597696257113;test;loss;50;gender
0.004890447428795349;test;loss;51;gender
0.17857450770411504;test;loss;52;gender
0.08118439305946036;test;loss;53;gender
0.007695958195863054;test;loss;54;gender
0.3037772814701374;test;loss;55;gender
0.3037318282640563;test;loss;56;gender
0.0031419162197726235;test;loss;57;gender
0.01512721634165277;test;loss;58;gender
0.028109461137236808;test;loss;59;gender
0.014243334423041754;test;loss;60;gender
0.00588105581233251;test;loss;61;gender
0.048012733173539365;test;loss;62;gender
0.009961316684455318;test;loss;63;gender
0.004742002413098895;test;loss;64;gender
0.023157498484465102;test;loss;65;gender
0.268757039332963;test;loss;66;gender
0.08571096966115088;test;loss;67;gender
0.002676266186598965;test;loss;68;gender
0.05476562861040274;test;loss;69;gender
0.003436173981834939;test;loss;70;gender
0.0034239087002744246;test;loss;71;gender
0.8295676495449587;test;loss;72;gender
0.003756145203240138;test;loss;73;gender
0.671325305896654;test;loss;74;gender
0.3410735182100737;test;loss;75;gender
0.43594531179439533;test;loss;76;gender
0.010714736192744587;test;loss;77;gender
0.0007347802766126289;test;loss;78;gender
0.07333647225393454;test;loss;79;gender
0.033413181862509016;test;loss;80;gender
0.009176413798150387;test;loss;81;gender
0.008367387663959041;test;loss;82;gender
0.13459984418676113;test;loss;83;gender
0.05858573074730022;test;loss;84;gender
0.0014306913304000595;test;loss;85;gender
=======
0.01173913035148431;train;loss;80;gender
0.015907946990746557;train;loss;81;gender
0.011249526267797749;train;loss;82;gender
0.009053779931606267;train;loss;83;gender
0.009545688680468603;train;loss;84;gender
0.00812652672706377;train;loss;85;gender
0.008658131244910052;test;loss;1;gender
0.006154351902595591;test;loss;2;gender
0.00401263642141273;test;loss;3;gender
0.002574384169615266;test;loss;4;gender
0.0034079293766538237;test;loss;5;gender
0.002789202639609691;test;loss;6;gender
0.004374427579281115;test;loss;7;gender
0.003496557356018064;test;loss;8;gender
0.003462994233270585;test;loss;9;gender
0.0021833147817906175;test;loss;10;gender
0.0019791613840094494;test;loss;11;gender
0.003174286680099105;test;loss;12;gender
0.0016418631128327047;test;loss;13;gender
0.005592824176024334;test;loss;14;gender
0.0024710423500790128;test;loss;15;gender
0.0038259392613213743;test;loss;16;gender
0.0009424590915014338;test;loss;17;gender
0.003619513660281607;test;loss;18;gender
0.0010371160638041248;test;loss;19;gender
0.0022551131385260327;test;loss;20;gender
0.000832705770440015;test;loss;21;gender
0.0023443764147611;test;loss;22;gender
0.00535074742123492;test;loss;23;gender
0.0008156641713241248;test;loss;24;gender
0.0007127269385616928;test;loss;25;gender
0.002137056957180441;test;loss;26;gender
0.004389791764364578;test;loss;27;gender
0.0012165894808964352;test;loss;28;gender
0.0007078730725189367;test;loss;29;gender
0.004323322761895375;test;loss;30;gender
0.003133514236855736;test;loss;31;gender
8.246216306928937e-05;test;loss;32;gender
0.00014781217498364564;test;loss;33;gender
0.00035629525942926596;test;loss;34;gender
4.0666359288104707e-05;test;loss;35;gender
0.005696404664643247;test;loss;36;gender
0.001226361986814564;test;loss;37;gender
0.00035309757499300256;test;loss;38;gender
0.00042290294629487786;test;loss;39;gender
0.001463607904503789;test;loss;40;gender
0.0020078993177465427;test;loss;41;gender
0.002221344975183632;test;loss;42;gender
0.0003285299521300236;test;loss;43;gender
0.0007137617175419013;test;loss;44;gender
0.0013762147710482612;test;loss;45;gender
7.739062957662306e-05;test;loss;46;gender
0.0006303653577406649;test;loss;47;gender
0.0012816589063961502;test;loss;48;gender
2.403657680167313e-05;test;loss;49;gender
0.0035522597696257116;test;loss;50;gender
4.8904474287953493e-05;test;loss;51;gender
0.0017857450770411502;test;loss;52;gender
0.0008118439305946036;test;loss;53;gender
7.695958195863054e-05;test;loss;54;gender
0.003037772814701374;test;loss;55;gender
0.003037318282640563;test;loss;56;gender
3.1419162197726237e-05;test;loss;57;gender
0.0001512721634165277;test;loss;58;gender
0.00028109461137236806;test;loss;59;gender
0.00014243334423041755;test;loss;60;gender
5.88105581233251e-05;test;loss;61;gender
0.0004801273317353936;test;loss;62;gender
9.961316684455318e-05;test;loss;63;gender
4.742002413098895e-05;test;loss;64;gender
0.00023157498484465105;test;loss;65;gender
0.00268757039332963;test;loss;66;gender
0.0008571096966115087;test;loss;67;gender
2.6762661865989657e-05;test;loss;68;gender
0.0005476562861040274;test;loss;69;gender
3.436173981834939e-05;test;loss;70;gender
3.4239087002744244e-05;test;loss;71;gender
0.008295676495449586;test;loss;72;gender
3.756145203240138e-05;test;loss;73;gender
0.00671325305896654;test;loss;74;gender
0.003410735182100737;test;loss;75;gender
0.004359453117943952;test;loss;76;gender
0.00010714736192744587;test;loss;77;gender
7.34780276612629e-06;test;loss;78;gender
0.0007333647225393454;test;loss;79;gender
0.0003341318186250902;test;loss;80;gender
9.176413798150389e-05;test;loss;81;gender
8.367387663959041e-05;test;loss;82;gender
0.0013459984418676112;test;loss;83;gender
0.0005858573074730022;test;loss;84;gender
1.4306913304000595e-05;test;loss;85;gender
>>>>>>> ab2608640a2da6795ace059c1e4fe64b9224f47b
